DAY,BTC,ETC,EOS
0,0,25256,25103
1,0,50688,38078
2,0,81708,52440
3,0,115750,62677
4,0,139197,70877
5,0,157559,79775
6,0,172651,197551
7,0,189176,212013
8,1,209709,272238
9,7,235770,335063
10,7,264345,387190
11,8,288272,433638
12,16,307073,455999
13,18,326278,571951
14,18,345207,585556
15,19,361079,597460
16,21,378493,710152
17,22,394279,776971
18,24,410401,1057706
19,25,425868,1202449
20,26,440295,1418227
21,27,455217,1533810
22,28,470139,1671415
23,29,488102,1807789
24,30,502562,1962122
25,30,515361,2083496
26,31,527921,2216401
27,31,540885,2380985
28,32,553547,2513142
29,33,567050,2661965
30,34,580983,2786198
31,50,593873,3393715
32,50,606804,4070237
33,50,619166,4424131
34,50,630816,5360391
35,54,642524,7622651
36,55,654292,10857917
37,56,667152,13065589
38,56,680243,19387196
39,58,695600,26129976
40,58,718558,34437297
41,58,731042,40203521
42,58,743805,47229835
43,61,757798,54775018
44,62,772494,61942224
45,62,790808,68883367
46,62,806852,76157821
47,63,821903,83236323
48,63,834699,86934570
49,63,849101,92588447
50,67,863919,101005269
51,67,878243,109088457
52,67,892394,116359879
53,67,906769,124021052
54,67,921542,132237273
55,68,935999,140599379
56,69,949358,147814769
57,69,963133,151178838
58,69,976606,157164452
59,71,991088,164555213
60,73,1006095,171318885
61,74,1019515,178677229
62,74,1030570,185484183
63,74,1043280,192822034
64,77,1055784,200489187
65,77,1068260,209179988
66,77,1080660,217656207
67,77,1093309,225264719
68,78,1107015,228501961
69,79,1119790,231417916
70,79,1134129,236114376
71,79,1148263,244076505
72,80,1162632,251699148
73,80,1178013,258216843
74,82,1193268,260653090
75,82,1207758,267455585
76,83,1221802,274365329
77,83,1236001,281088494
78,85,1250273,283695475
79,85,1264295,289469487
80,85,1281360,295116521
81,85,1308950,300453125
82,86,1331325,304951311
83,86,1348099,308404219
84,89,1365975,312751845
85,89,1385946,316962389
86,89,1404292,321342848
87,90,1423751,326117928
88,90,1445278,331166228
89,90,1465057,332070550
90,90,1481595,337148222
91,90,1498862,340305933
92,92,1514690,346220026
93,92,1529301,351030344
94,92,1546191,352238411
95,92,1563478,352972550
96,92,1579921,353595548
97,92,1594055,354213125
98,93,1606957,355016966
99,95,1622396,355731019
100,96,1637737,356555670
101,96,1649990,357522393
102,96,1660373,358513876
103,96,1669833,359484676
104,96,1680994,360592032
105,100,1691518,361721437
106,101,1703488,362874427
107,103,1715134,363926842
108,104,1725969,365124023
109,104,1736278,366254745
110,104,1746771,367158001
111,104,1758126,368067955
112,104,1770404,369199438
113,106,1781786,370487699
114,106,1793541,371904252
115,106,1804620,373788158
116,107,1815700,375165845
117,107,1826372,376638131
118,107,1836166,378099546
119,109,1846195,379767816
120,112,1856974,381886078
121,113,1867782,383762791
122,114,1875466,385973007
123,114,1884674,387993747
124,114,1899032,389972619
125,114,1908300,392303124
126,114,1917318,394806723
127,114,1927536,396792799
128,115,1937470,397969848
129,115,1947348,399784178
130,120,1958081,402377864
131,123,1969806,405903450
132,124,1982807,410232827
133,124,1994340,413972789
134,124,2008387,417680850
135,124,2024606,421216341
136,124,2037562,424828104
137,124,2050562,429537916
138,124,2063997,433309220
139,124,2079490,437994071
140,124,2095880,442515659
141,124,2112371,446629266
142,124,2128329,450648400
143,124,2146996,454484678
144,124,2168101,458971298
145,124,2190984,463661597
146,125,2211031,468560401
147,125,2229862,472888482
148,125,2250793,476884515
149,126,2272180,481279934
150,126,2290782,485520599
151,126,2307504,489568479
152,126,2321909,494095609
153,126,2337143,501196744
154,126,2352601,508501972
155,126,2368169,516497063
156,126,2383845,523816499
157,126,2399295,530835412
158,126,2417295,536239959
159,126,2437703,540690260
160,126,2455528,545910672
161,126,2471680,551527408
162,126,2488610,556688613
163,126,2506080,562976349
164,126,2524215,570723903
165,126,2542942,578508167
166,126,2560828,586638828
167,126,2578019,593873973
168,126,2595763,600981501
169,126,2614721,608012663
170,127,2633616,615150875
171,127,2649565,621396009
172,129,2677648,627852140
173,130,2696755,634785911
174,130,2714308,640942176
175,130,2731072,646763982
176,131,2748346,653200571
177,133,2766068,659640481
178,133,2784157,666271959
179,134,2802942,673247604
180,135,2822506,679848373
181,135,2842337,686290530
182,135,2862009,692912499
183,135,2881666,700140051
184,135,2901758,706711781
185,135,2921755,713203042
186,135,2940131,719421687
187,135,2957482,726148623
188,135,2973835,732007042
189,135,2989989,738127212
190,135,3005909,742862268
191,135,3021902,746459185
192,135,3038742,750733786
193,135,3055619,757124701
194,135,3072805,762715464
195,135,3089623,768331287
196,135,3105669,773690494
197,135,3123857,778706585
198,136,3143593,784539382
199,136,3163343,790764823
200,136,3184716,796951753
201,136,3204556,802787724
202,136,3224856,808264185
203,136,3245323,813894635
204,136,3266609,819580297
205,136,3288533,825147296
206,136,3309627,830949428
207,137,3330460,836326565
208,138,3351502,842138743
209,138,3372592,847782613
210,138,3393778,854549325
211,138,3415333,861723600
212,138,3433555,869050010
213,138,3455661,875891234
214,138,3478140,881795604
215,138,3500222,887590852
216,139,3521451,893282387
217,139,3542710,898992562
218,139,3564033,904405846
219,139,3585194,909763751
220,139,3606869,915131071
221,139,3629068,920462937
222,139,3649219,926329736
223,139,3670529,932146433
224,139,3691091,937733870
225,139,3710743,942424455
226,139,3732289,947377717
227,139,3753482,952397368
228,139,3774208,958029336
229,139,3795899,963547929
230,139,3817147,969563578
231,139,3838862,975590829
232,139,3858850,981782131
233,139,3878665,988118665
234,139,3898992,994236528
235,142,3919713,1000420882
236,142,3942413,1006802903
237,142,3962424,1012655030
238,142,3982796,1018625394
239,143,4002772,1023988767
240,144,4024101,1029279035
241,144,4047327,1034117619
242,144,4068572,1038931830
243,145,4090312,1044125456
244,145,4111314,1048928319
245,145,4132444,1053666316
246,145,4154102,1058014546
247,146,4176033,1062407037
248,146,4197884,1067050342
249,146,4219885,1072054835
250,146,4245586,1077196242
251,146,4269195,1082075200
252,146,4291430,1087560051
253,146,4313965,1092490487
254,146,4335244,1097111834
255,146,4356234,1102168344
256,147,4378340,1106944109
257,148,4402391,1111380049
258,148,4424734,1116045556
259,148,4447094,1120667432
260,148,4469771,1124755625
261,149,4491596,1129313124
262,150,4514768,1133837571
263,150,4537816,1138124144
264,150,4558867,1142410769
265,152,4579946,1146590648
266,153,4601309,1150705532
267,153,4622589,1154970191
268,153,4644968,1159313122
269,155,4667903,1163445394
270,155,4692568,1167579805
271,155,4716624,1171752714
272,156,4739636,1176066257
273,156,4762842,1179909181
274,156,4788036,1184040790
275,156,4813282,1188351889
276,158,4838917,1192399578
277,158,4866346,1196451721
278,158,4895411,1200922764
279,158,4919096,1205568569
280,158,4946672,1209601340
281,158,4976069,1213470520
282,159,5004324,1217615008
283,159,5032811,1221807898
284,159,5062564,1225867959
285,159,5091486,1230249385
286,160,5119017,1235052536
287,160,5147823,1239801647
288,161,5179792,1244380972
289,161,5208526,1249854113
290,162,5237564,1254965107
291,163,5264786,1260697532
292,164,5292611,1265976463
293,164,5318082,1271419003
294,165,5336831,1277062715
295,165,5362685,1282727204
296,165,5387425,1288000215
297,166,5412710,1293628088
298,166,5442179,1298921527
299,168,5472700,1304272042
300,168,5498719,1309255285
301,168,5525299,1314754681
302,168,5557071,1319476741
303,168,5585993,1324851391
304,168,5629959,1330349905
305,169,5675655,1335831920
306,169,5712018,1341257192
307,169,5745915,1346727894
308,169,5780121,1351816069
309,169,5812287,1357095294
310,169,5845144,1362789822
311,172,5879443,1368035879
312,178,5912058,1373429813
313,180,5941281,1379109707
314,181,5969713,1384127740
315,181,6002087,1388772724
316,181,6030669,1393471195
317,181,6060839,1398672791
318,181,6091020,1403964710
319,181,6128369,1409455451
320,183,6161738,1414822917
321,183,6191725,1420156640
322,183,6228143,1425434465
323,183,6255229,1430595279
324,183,6286844,1435852653
325,183,6312527,1441071088
326,183,6338222,1445579881
327,183,6362761,1449894616
328,183,6390161,1454362908
329,183,6420003,1458616330
330,183,6450219,1463746292
331,183,6479199,1468879427
332,184,6506432,1474666112
333,184,6531976,1480088764
334,184,6556841,1485282267
335,184,6582346,1490447780
336,185,6611856,1495556497
337,187,6639717,1500643027
338,188,6668094,1505448980
339,189,6695814,1510447071
340,202,6722569,1515408624
341,202,6750305,1520651624
342,204,6776755,1525769353
343,204,6803809,1530697140
344,204,6830989,1535718566
345,209,6860528,1540835353
346,212,6887204,1546182445
347,212,6915448,1551273610
348,215,6943650,1556353640
349,215,6971496,1561113640
350,216,6997805,1565822954
351,217,7026244,1570627020
352,217,7060573,1576110508
353,217,7107883,1581197172
354,217,7149911,1586370057
355,217,7183611,1591529853
356,218,7216513,1596735394
357,218,7250096,1601937979
358,219,7286433,1606802136
359,219,7319123,1611898951
360,219,7349353,1617502580
361,219,7380576,1623330222
362,219,7409776,1628988583
363,221,7436246,1634525851
364,221,7468657,1640046715
365,221,7501454,1645381321
366,223,7531691,1650746949
367,223,7561164,1656540875
368,223,7590087,1662095055
369,223,7619826,1667668268
370,223,7650501,1672982973
371,223,7679206,1678314105
372,223,7710615,1683637147
373,223,7739520,1689397009
374,225,7770773,1695600151
375,227,7810203,1701805865
376,229,7843163,1708249546
377,230,7882556,1714870651
378,231,7917871,1720918427
379,231,7954357,1727081628
380,232,7988534,1733016623
381,232,8021524,1739318019
382,232,8057558,1745653637
383,241,8090906,1751725045
384,244,8125608,1757522444
385,246,8160254,1763465296
386,247,8195904,1769359865
387,251,8230270,1774704991
388,257,8263726,1780438897
389,259,8299601,1786485057
390,261,8335358,1792926313
391,265,8368634,1798339845
392,269,8400908,1804831139
393,271,8435927,1811591891
394,280,8469756,1818039010
395,281,8509161,1824704537
396,283,8547029,1830011854
397,288,8580875,1835408645
398,292,8611280,1841954018
399,306,8647761,1847932317
400,311,8685091,1854895215
401,319,8722650,1862464825
402,322,8759809,1869779033
403,327,8795397,1877693547
404,332,8845630,1883603134
405,337,8890319,1890075811
406,340,8928251,1896014416
407,351,8968939,1901412970
408,360,9008442,1907444010
409,366,9051330,1913585371
410,377,9088605,1918709998
411,384,9126400,1924703167
412,387,9165549,1930488401
413,389,9204512,1935946822
414,393,9242233,1941407028
415,398,9278880,1947141058
416,399,9314324,1952657693
417,405,9353187,1958453562
418,409,9398383,1964270664
419,413,9439765,1969592435
420,416,9477071,1974543118
421,419,9517175,1979181439
422,423,9553357,1984531446
423,428,9587773,1989059543
424,434,9623580,1994009404
425,437,9656880,1999148552
426,439,9688381,2004471091
427,445,9721129,2009354541
428,449,9754747,2013933393
429,454,9789121,2018426437
430,456,9825279,2023948038
431,463,9864655,2029205667
432,466,9899117,2034455104
433,468,9934835,2039723890
434,469,9967010,2044693281
435,471,10001303,2049442647
436,476,10034247,2054830838
437,479,10066741,2059952703
438,482,10101023,2065522397
439,492,10134953,2071008485
440,500,10168467,2076481338
441,512,10201924,2081410175
442,520,10236550,2086407667
443,526,10272394,2091904573
444,539,10317126,2097640193
445,550,10361956,2103573135
446,565,10400058,2109551071
447,581,10455090,2115004146
448,588,10512841,2120397102
449,593,10551750,2125805485
450,605,10592405,2131572659
451,611,10629313,2137764474
452,618,10666384,2143882453
453,627,10702962,2149512957
454,632,10740314,2155325907
455,637,10776701,2161377462
456,649,10814903,2166908474
457,677,10853442,2172739600
458,692,10888522,2179132966
459,703,10925571,2185311458
460,718,10962150,2190947137
461,750,10996442,2196500776
462,791,11032423,2202182089
463,830,11069664,2207850287
464,875,11107821,2213425821
465,896,11147401,2219098373
466,971,11183960,2225168523
467,1012,11222631,2230608997
468,1043,11262667,2237404839
469,1073,11301822,2244213172
470,4182,11344866,2251387375
471,4223,11382729,2259105111
472,4261,11419325,2265153764
473,4295,11454125,2270733609
474,4334,11492265,2276081879
475,4384,11538830,2282030329
476,4418,11587375,2287500463
477,4463,11629224,2293010236
478,4512,11668242,2298863196
479,4564,11706342,2304504705
480,4612,11745131,2308497517
481,4644,11783279,2312147671
482,4669,11822244,2318363460
483,4697,11859275,2322484608
484,4724,11898259,2325975778
485,4751,11935274,2329742896
486,4791,11976662,2333943505
487,4817,12016410,2338722158
488,4847,12059003,2344399192
489,4873,12104383,2350364029
490,4898,12146628,2356415201
491,4940,12195172,2361985643
492,4967,12261089,2367947728
493,4986,12319720,2373649699
494,5019,12367916,2379224623
495,5057,12409661,2386638353
496,5088,12456748,2392317860
497,5109,12500524,2397924781
498,5129,12546345,2403120994
499,5164,12605746,2408627160
500,5220,12654797,2414767388
501,5262,12701562,2420890377
502,5297,12753569,2425420208
503,5355,12799489,2429789439
504,5387,12841944,2434369196
505,5485,12887781,2438807273
506,5546,12942367,2443923466
507,5591,12994051,2448882114
508,5655,13039594,2455548534
509,5730,13091447,2461411977
510,5783,13145257,2469542484
511,5843,13189369,2480138629
512,5895,13241935,2488445091
513,5942,13293951,2493530397
514,5990,13345980,2498180665
515,6037,13400466,2503033712
516,6123,13447151,2507162682
517,6167,13499056,2511536924
518,6217,13549634,2515823237
519,6267,13593415,2519871715
520,6318,13638136,2523639160
521,6380,13681522,2527650286
522,6431,13721097,2531948342
523,6490,13769447,2536234446
524,6570,13813679,2540535160
525,6648,13853794,2544819459
526,6720,13895167,2548965572
527,6808,13957506,2552904542
528,6897,14007984,2556874872
529,6945,14057702,2560643002
530,7002,14132693,2564355569
531,7044,14198453,2568092031
532,7111,14258321,2571859753
533,7151,14320714,2575420324
534,7242,14383870,2579069559
535,7315,14451673,2582666389
536,7382,14505337,2586341571
537,7455,14565096,2589989198
538,7512,14613347,2593613020
539,7556,14669354,2597054022
540,7614,14720251,2600115193
541,7689,14765846,2602815971
542,7787,14809270,2605059790
543,7874,14855441,2607318334
544,7950,14907510,2609441200
545,8030,14957092,2611533594
546,8096,14995759,2613714790
547,8154,15047894,2615853332
548,8225,15096495,2618006101
549,8265,15139024,2620169592
550,8331,15187591,2622228025
551,8399,15233685,2624362877
552,8467,15272894,2626463106
553,8509,15313875,2628538289
554,8747,15358998,2630706082
555,10328,15403890,2632921201
556,11124,15450965,2635275049
557,16672,15499862,2637649944
558,17383,15550766,2639944858
559,18058,15587000,2642217207
560,18306,15621721,2644522808
561,18554,15658397,2646658456
562,18888,15694527,2648789594
563,19311,15729066,2650873702
564,19558,15765394,2652932704
565,19779,15816960,2655096514
566,19999,15857659,2657180168
567,20699,15898157,2659310971
568,22290,15940513,2661384428
569,22517,16001432,2663469231
570,22776,16057555,2665551134
571,25636,16106244,2667713929
572,26255,16153240,2669899870
573,26396,16208635,2671972131
574,26490,16258474,2674063982
575,26614,16308226,2676132683
576,26769,16365823,2678282961
577,27193,16416446,2680540814
578,27386,16462073,2682753209
579,27687,16512044,2684977346
580,27900,16559881,2687183066
581,28013,16613952,2689274358
582,28204,16665673,2691249659
583,28439,16724573,2693102323
584,28590,16778122,2694944489
585,28774,16841089,2696747195
586,28994,16900506,2698387140
587,29241,16974697,2699931879
588,29397,17063307,2701448588
589,29527,17165240,2702897755
590,29825,17214766,2704416127
591,30013,17261200,2705873204
592,30244,17304162,2707201126
593,30434,17349407,2708626344
594,30664,17392243,2710052660
595,30832,17431746,2711608143
596,30985,17468241,2713083534
597,31142,17512049,2714720593
598,31308,17559257,2716329014
599,31457,17602174,2717810298
600,31615,17640337,2719498793
601,31736,17678573,2721065467
602,31906,17715536,2722606934
603,32017,17759281,2724207154
604,32192,17801733,2725768340
605,32446,17842893,2727475803
606,32681,17882727,2729179510
607,32827,17933053,2730968309
608,32982,17971725,2732587839
609,33078,18008280,2734134729
610,33221,18051274,2735672061
611,33346,18088376,2737253544
612,33466,18124754,2738888670
613,33640,18167533,2740447814
614,33844,18203496,2742115838
615,34015,18238308,2743924515
616,34156,18272629,2745619574
617,34355,18308926,2747416631
618,34622,18348798,2749153139
619,34849,18385067,2750834636
620,35110,18424426,2752581896
621,35321,18458758,2754365905
622,35476,18493131,2756161902
623,35641,18528412,2757914519
624,35790,18564044,2759676292
625,36065,18598578,2761440675
626,36696,18638651,2763269467
627,37216,18675395,2765172467
628,37615,18711161,2766973820
629,37883,18744559,2768891248
630,38215,18778890,2770836396
631,38421,18815012,2772684999
632,38771,18849961,2774529567
633,39055,18885141,2776496060
634,39867,18921455,2778444938
635,40082,18956394,2780767162
636,40527,18992540,2782907876
637,40931,19027423,2785108999
638,41166,19065796,2787294800
639,41424,19117259,2789552329
640,41668,19154927,2791672423
641,41899,19191653,2793766899
642,42083,19226853,2795885597
643,42290,19259374,2798081381
644,42535,19292440,2800380472
645,42721,19328123,2802603477
646,42905,19360749,2804897690
647,43100,19396203,2807250984
648,43287,19429978,2809723444
649,43446,19460463,2812392570
650,43598,19489000,2814946818
651,43783,19525718,2817582909
652,43969,19560199,2820336168
653,44297,19590056,2823182063
654,44968,19629289,2825990671
655,45443,19660763,2828694165
656,45793,19694923,2831451444
657,46232,19724523,2834306654
658,46573,19757160,2837064287
659,46917,19789553,2839844315
660,47126,19825797,2842602028
661,47406,19862326,2845492731
662,47759,19895945,2848252780
663,48035,19926673,2850966929
664,48269,19954514,2853750579
665,48443,19980041,2856496292
666,48572,20008203,2859161158
667,48752,20038588,2861746340
668,48853,20068143,2864370498
669,49010,20097725,2867034914
670,49167,20123542,2869677548
671,49388,20147154,2872388296
672,49553,20170554,2875072485
673,49763,20196856,2877720219
674,50004,20223107,2880427782
675,50197,20253435,2883129437
676,50393,20283291,2885856288
677,50565,20313376,2888704671
678,50682,20344588,2891420745
679,50800,20387218,2894032516
680,50964,20423054,2896679802
681,56421,20457598,2899256933
682,64542,20493765,2902054213
683,64728,20530725,2905155789
684,66574,20567698,2908219727
685,75887,20604196,2911197185
686,85114,20642948,2914239656
687,94971,20682581,2917346565
688,95170,20739037,2920442458
689,95354,20781882,2923620061
690,99198,20821821,2926827178
691,103943,20860466,2930092685
692,105032,20898665,2933375472
693,105297,20939156,2936599158
694,105578,20979637,2939956921
695,105825,21023884,2943251672
696,106086,21073615,2946525169
697,106410,21127302,2949921754
698,106669,21180126,2953208934
699,106867,21228686,2956583123
700,107057,21272431,2959933138
701,107249,21322921,2963376211
702,107477,21370233,2966672363
703,107807,21422673,2970166853
704,108089,21469233,2973777183
705,108362,21515426,2977318280
706,108591,21560113,2980826558
707,108958,21605271,2984282003
708,109440,21651005,2987654018
709,109950,21697288,2991038321
710,110420,21744780,2994403367
711,110863,21790872,2997827119
712,111221,21838705,3001372700
713,111515,21884522,3004972308
714,111863,21930043,3008635772
715,112234,21977344,3012215104
716,113003,22025550,3015696095
717,113436,22072072,3019182989
718,113952,22117763,3022654220
719,114314,22165898,3026181534
720,114693,22211496,3029621997
721,115158,22258164,3033104545
722,115597,22315870,3036372402
723,115975,22366607,3039804020
724,116448,22414542,3043342933
725,116831,22460091,3046797690
726,117227,22513138,3050335303
727,117609,22560141,3053980323
728,118082,22602269,3057394633
729,118500,22646732,3061020047
730,119497,22690500,3064582323
731,120339,22735111,3068192727
732,121500,22779030,3071702606
733,122019,22821146,3075349480
734,122906,22863049,3079257692
735,124125,22948636,3083124785
736,125190,22994403,3086850121
737,126357,23040677,3090601780
738,127545,23094093,3094381259
739,128533,23141089,3098101292
740,129635,23191654,3102018644
741,130715,23239110,3106550080
742,131514,23304670,3111635991
743,132245,23360097,3116539978
744,132900,23420812,3120820999
745,133608,23470476,3125256675
746,134338,23519586,3129797368
747,135087,23566754,3134167012
748,136063,23612710,3138585309
749,137319,23655361,3142987735
750,138233,23699698,3147468738
751,139389,23748605,3151725660
752,140103,23795770,3156117342
753,140930,23845250,3160326299
754,141613,23897184,3164467602
755,142574,23944973,3168546914
756,143730,23988767,3172551460
757,146342,24036986,3176722858
758,147397,24082894,3180842733
759,148251,24133321,3184470179
760,148978,24178838,3188727840
761,149619,24224219,3192765088
762,150333,24269039,3196773851
763,151030,24312091,3200876681
764,151714,24357212,3204877825
765,152399,24406957,3209208518
766,153110,24452005,3213425241
767,154164,24494773,3217732621
768,156016,24547666,3222076753
769,158179,24591784,3226301150
770,159914,24634951,3230575785
771,161519,24680983,3234185916
772,163343,24726495,3237599553
773,165299,24771498,3240958701
774,167171,24814124,3244391977
775,169213,24855999,3247714902
776,171028,24896808,3251049710
777,172464,24936998,3254395932
778,174217,24979084,3257433717
779,176021,25024809,3260680761
780,177965,25073047,3264221613
781,180007,25117466,3267693799
782,181893,25160491,3271043597
783,183740,25205024,3274315637
784,185379,25258937,3277290325
785,187437,25314993,3280489177
786,188986,25368703,3283985311
787,191683,25426233,3287755154
788,193441,25477607,3291409208
789,196452,25530861,3295023164
790,198219,25576305,3298503268
791,199957,25619018,3301915720
792,201732,25662466,3305384156
793,203451,25706231,3309034783
794,205721,25749739,3312708968
795,207374,25793096,3316422420
796,208970,25835670,3320050528
797,210688,25878859,3323852462
798,213560,25921801,3327665659
799,216109,25972069,3331238086
800,218652,26014971,3334828367
801,221377,26058687,3338489903
802,224579,26100528,3342514342
803,227652,26141770,3346760845
804,230283,26184117,3351150626
805,233184,26226879,3355849420
806,236912,26271710,3360116074
807,242695,26324431,3364249447
808,244915,26367331,
809,249140,26413118,
810,251176,26456521,
811,253005,26499176,
812,256197,26541661,
813,258540,26591641,
814,261517,26638380,
815,263890,26695951,
816,265427,26739575,
817,267312,26783055,
818,268699,26829457,
819,270321,26873700,
820,271938,26920212,
821,274128,26968081,
822,276009,27011773,
823,277710,27058576,
824,279247,27115975,
825,280864,27159401,
826,282420,27204189,
827,283992,27251195,
828,285794,27295388,
829,287683,27341538,
830,289903,27399854,
831,292816,27447949,
832,294690,27497907,
833,296433,27544112,
834,298542,27592534,
835,301489,27640827,
836,304888,27691615,
837,307697,27738522,
838,309456,27784131,
839,311363,27828820,
840,313508,27872398,
841,315799,27917412,
842,318141,27960805,
843,321344,28006393,
844,325738,28048881,
845,328557,28093050,
846,331989,28133613,
847,336197,28174304,
848,339932,28219026,
849,342826,28265334,
850,345602,28310393,
851,348176,28356939,
852,351449,28406772,
853,354561,28453188,
854,358159,28502398,
855,360931,28558683,
856,364171,28606399,
857,367091,28657977,
858,370011,28710987,
859,373207,28762633,
860,377068,28815285,
861,381271,28867648,
862,384871,28919041,
863,388911,28969939,
864,393093,29023773,
865,398461,29076041,
866,402883,29128901,
867,407502,29180143,
868,412191,29229874,
869,417249,29279873,
870,422729,29328550,
871,428261,29378336,
872,434355,29434050,
873,440898,29486627,
874,445597,29536521,
875,450428,29583839,
876,455103,29639478,
877,460252,29697682,
878,466179,29756785,
879,472532,29822436,
880,479447,29875836,
881,487615,29928084,
882,496332,29983345,
883,504624,30040197,
884,514157,30096758,
885,523146,30153637,
886,534614,30208300,
887,546732,30264014,
888,557848,30322433,
889,568473,30374220,
890,580803,30425231,
891,591525,30478824,
892,605496,30537966,
893,617858,30598898,
894,630336,30655352,
895,641606,30714337,
896,652819,30775919,
897,664238,30828796,
898,674951,30884386,
899,684578,30940471,
900,695799,31000322,
901,705913,31049402,
902,716747,31092159,
903,726327,31186900,
904,736481,31234116,
905,747841,31289802,
906,758356,31341990,
907,768121,31394235,
908,777469,31449750,
909,788038,31500415,
910,795758,31550456,
911,803973,31595040,
912,813574,31642035,
913,822512,31688693,
914,832761,31735058,
915,841662,31783907,
916,850034,31825878,
917,857621,31869977,
918,866162,31910410,
919,876328,31954148,
920,884483,31996559,
921,893357,32038368,
922,902004,32080094,
923,910086,32121305,
924,918634,32162832,
925,926813,32203963,
926,935525,32242867,
927,944556,32281441,
928,953238,32321808,
929,961199,32359645,
930,970119,32397358,
931,977313,32436530,
932,985651,32472988,
933,994806,32509684,
934,1002850,32550166,
935,1010701,32591028,
936,1018723,32636299,
937,1025834,32674636,
938,1031782,32712407,
939,1039894,32762675,
940,1048190,32828308,
941,1056526,32875866,
942,1064182,32917558,
943,1072377,32958785,
944,1079934,32998234,
945,1086200,33039322,
946,1092818,33079931,
947,1100072,33120046,
948,1109092,33161442,
949,1117142,33202966,
950,1124618,33246511,
951,1131734,33287059,
952,1139198,33327806,
953,1146460,33368240,
954,1154488,33411298,
955,1164027,33455062,
956,1171606,33495613,
957,1179103,33530514,
958,1186472,33567530,
959,1193416,33607298,
960,1200828,33644570,
961,1208571,33682283,
962,1215625,33725010,
963,1222992,33766618,
964,1230027,33821031,
965,1237340,33862174,
966,1243629,33901588,
967,1249005,33947378,
968,1257151,33995854,
969,1264688,34038893,
970,1271831,34082295,
971,1278757,34123563,
972,1285794,34159005,
973,1291532,34196222,
974,1298645,34233524,
975,1305486,34271537,
976,1313338,34317725,
977,1320152,34355051,
978,1326559,34391172,
979,1333655,34428760,
980,1339588,34463366,
981,1346051,34499014,
982,1352205,34536110,
983,1358639,34576586,
984,1364804,34615533,
985,1371044,34650703,
986,1377186,34686149,
987,1382450,34732079,
988,1388312,34770147,
989,1394988,34805883,
990,1402878,34841704,
991,1410548,34877123,
992,1416483,34913580,
993,1422622,34947028,
994,1428243,34980813,
995,1433897,35016470,
996,1439356,35050957,
997,1445335,35086157,
998,1451220,35123348,
999,1456483,35165480,
1000,1462318,35205373,
1001,1467634,35243520,
1002,1472591,35283861,
1003,1478998,35325392,
1004,1484440,35364925,
1005,1490084,35402698,
1006,1495876,35437944,
1007,1501480,35472993,
1008,1506720,35511230,
1009,1512150,35560639,
1010,1517879,35597764,
1011,1523858,35633373,
1012,1529550,35671689,
1013,1534368,35708352,
1014,1540341,35743646,
1015,1545784,35777910,
1016,1550623,35816108,
1017,1556324,35855601,
1018,1561243,35892294,
1019,1566075,35930646,
1020,1570607,35969596,
1021,1575697,36008094,
1022,1581030,36047615,
1023,1586510,36087768,
1024,1592040,36120002,
1025,1597118,36173057,
1026,1602394,36217447,
1027,1607038,36259789,
1028,1611792,36298949,
1029,1617477,36339344,
1030,1622104,36380848,
1031,1627210,36424945,
1032,1632914,36467588,
1033,1638804,36511705,
1034,1645070,36554516,
1035,1651250,36597877,
1036,1656896,36638541,
1037,1661787,36685062,
1038,1667289,36728094,
1039,1673108,36770445,
1040,1679651,36813034,
1041,1685865,36854603,
1042,1690935,36895121,
1043,1695612,36936786,
1044,1701189,36983644,
1045,1706596,37023351,
1046,1712835,37062757,
1047,1718713,37104415,
1048,1723595,37146420,
1049,1728536,37191498,
1050,1733123,37234525,
1051,1738016,37276694,
1052,1742872,37315439,
1053,1748139,37357741,
1054,1753525,37400379,
1055,1758459,37441248,
1056,1763739,37483254,
1057,1768309,37527656,
1058,1773288,37569448,
1059,1779089,37612356,
1060,1785501,37651714,
1061,1792104,37693333,
1062,1798434,37747076,
1063,1804324,37791995,
1064,1810031,37835828,
1065,1815116,37876192,
1066,1821292,37918632,
1067,1829097,37962306,
1068,1835194,38003886,
1069,1840782,38044410,
1070,1846208,38086082,
1071,1851763,38130292,
1072,1856810,38174536,
1073,1861708,38214297,
1074,1866788,38267820,
1075,1872341,38308585,
1076,1877371,38352023,
1077,1882314,38394915,
1078,1886905,38434935,
1079,1891505,38472560,
1080,1897111,38512084,
1081,1903403,38555688,
1082,1908796,38597357,
1083,1914519,38637418,
1084,1919875,38675794,
1085,1924398,38715064,
1086,1929536,38756331,
1087,1935074,38799413,
1088,1940063,38836886,
1089,1945030,38876772,
1090,1949998,38918546,
1091,1954890,38958216,
1092,1959917,38999094,
1093,1964748,39057267,
1094,1970138,39131667,
1095,1975655,39204792,
1096,1981433,39268692,
1097,1988150,39310673,
1098,1994512,39350561,
1099,2000467,39389487,
1100,2006583,39428635,
1101,2012599,39469557,
1102,2018908,39510259,
1103,2025993,39551347,
1104,2032655,39592652,
1105,2039209,39633141,
1106,2046003,39673716,
1107,2052020,39715805,
1108,2058832,39754452,
1109,2065661,39795290,
1110,2072060,39833577,
1111,2078780,39870825,
1112,2085356,39906828,
1113,2091520,39942793,
1114,2096758,39979399,
1115,2102850,40018524,
1116,2110068,40056626,
1117,2117934,40095116,
1118,2124115,40131552,
1119,2130237,40167490,
1120,2136136,40204887,
1121,2142339,40243346,
1122,2148220,40281458,
1123,2155153,40316759,
1124,2161531,40356190,
1125,2168401,40394541,
1126,2175407,40429417,
1127,2182480,40463840,
1128,2189045,40497956,
1129,2195119,40531800,
1130,2201912,40567185,
1131,2208896,40601573,
1132,2216154,40635384,
1133,2224650,40667411,
1134,2232097,40699966,
1135,2238887,40734179,
1136,2246915,40770930,
1137,2256391,40806384,
1138,2265783,40839245,
1139,2274823,40873515,
1140,2281355,40905291,
1141,2287638,40937248,
1142,2293402,40970829,
1143,2299832,41004639,
1144,2305923,41037701,
1145,2312915,41070207,
1146,2320959,41100552,
1147,2327703,41130815,
1148,2333732,41161398,
1149,2339332,41194317,
1150,2346084,41228505,
1151,2352557,41263642,
1152,2359189,41301374,
1153,2365850,41336871,
1154,2373351,41371631,
1155,2378574,41404735,
1156,2384776,41439818,
1157,2391633,41476288,
1158,2397932,41514716,
1159,2404398,41552231,
1160,2410784,41588419,
1161,2417203,41621995,
1162,2422411,41657657,
1163,2427308,41691821,
1164,2433588,41729894,
1165,2440758,41767606,
1166,2447500,41802416,
1167,2453688,41836344,
1168,2460319,41870301,
1169,2467191,41904064,
1170,2473079,41942711,
1171,2479699,41980720,
1172,2486083,42021328,
1173,2492901,42060083,
1174,2499364,42097640,
1175,2505377,42130455,
1176,2511553,42164314,
1177,2517608,42198382,
1178,2524268,42232219,
1179,2530678,42265088,
1180,2537573,42293794,
1181,2545211,42322805,
1182,2551843,42352472,
1183,2557890,42381448,
1184,2563314,42411763,
1185,2569710,42443237,
1186,2577258,42478983,
1187,2584334,42515944,
1188,2591231,42550565,
1189,2597824,42582982,
1190,2603652,42620752,
1191,2609349,42671961,
1192,2615882,42721837,
1193,2624227,42771863,
1194,2632221,42821343,
1195,2640061,42872305,
1196,2647247,42921942,
1197,2655132,42971828,
1198,2662214,43021847,
1199,2670585,43071949,
1200,2678361,43122195,
1201,2686757,43173245,
1202,2694396,43223624,
1203,2702491,43271898,
1204,2709671,43321403,
1205,2715751,43371919,
1206,2722969,43421261,
1207,2730424,43494299,
1208,2737790,43546442,
1209,2747839,43597307,
1210,2754712,43646381,
1211,2762015,43699914,
1212,2769676,43750437,
1213,2778814,43800223,
1214,2789025,43851030,
1215,2798802,43902211,
1216,2812588,43954661,
1217,2827023,44006137,
1218,2839416,44057284,
1219,2850445,44108342,
1220,2868754,44159714,
1221,2886034,44210074,
1222,2903421,44260378,
1223,2916757,44310342,
1224,2933740,44361076,
1225,2951884,44406480,
1226,2967069,44453227,
1227,2995441,44499902,
1228,3018417,44544926,
1229,3035117,44587128,
1230,3052675,44633308,
1231,3076921,44732172,
1232,3113759,44801789,
1233,3142780,44859321,
1234,3174484,44911961,
1235,3198321,44960885,
1236,3224811,45009615,
1237,3251837,45058677,
1238,3280767,45102909,
1239,3303339,45147842,
1240,3329928,45202113,
1241,3359658,45247729,
1242,3389821,45294401,
1243,3415207,45340977,
1244,3435532,45383385,
1245,3462222,45425043,
1246,3475160,45466592,
1247,3509828,45508465,
1248,3555622,45548896,
1249,3598081,45589815,
1250,3615267,45635264,
1251,3648034,45684047,
1252,3671965,45730710,
1253,3705046,45771657,
1254,3744801,45810499,
1255,3777427,45849106,
1256,3797331,45882675,
1257,3852283,45918614,
1258,3914133,45956110,
1259,3969835,45993634,
1260,4012264,46032018,
1261,4055741,46069937,
1262,4093776,46115678,
1263,4130574,46154037,
1264,4162964,46195919,
1265,4189503,46243986,
1266,4211806,46281530,
1267,4234094,46316682,
1268,4256239,46351557,
1269,4284992,46390943,
1270,4315316,46433829,
1271,4345469,46478023,
1272,4372449,46529189,
1273,4395525,46568164,
1274,4417541,46605029,
1275,4436921,46642327,
1276,4462218,46673886,
1277,4483701,46711466,
1278,4506697,46752533,
1279,4528718,46786982,
1280,4552993,46822691,
1281,4578217,46860083,
1282,4598541,46896162,
1283,4624126,46930982,
1284,4659051,46968157,
1285,4689729,47004448,
1286,4714130,47038221,
1287,4738546,47069615,
1288,4760640,47102031,
1289,4787060,47135845,
1290,4818265,47168314,
1291,4853355,47201037,
1292,4885714,47242094,
1293,4917088,47284365,
1294,4953354,47326192,
1295,4988155,47371722,
1296,5024450,47410544,
1297,5055281,47453509,
1298,5084243,47497417,
1299,5110214,47539941,
1300,5140566,47578406,
1301,5167719,47619317,
1302,5202980,47684167,
1303,5236982,47748058,
1304,5271250,47798410,
1305,5313584,47856287,
1306,5343709,47925675,
1307,5376409,47981528,
1308,5403570,48045580,
1309,5433068,48109845,
1310,5466729,48176683,
1311,5501985,48222346,
1312,5530876,48298470,
1313,5570086,48340042,
1314,5600808,48380440,
1315,5628612,48420092,
1316,5661479,48459249,
1317,5696914,48499843,
1318,5745241,48539280,
1319,5780005,48579324,
1320,5833295,48621083,
1321,5878566,48660819,
1322,5919503,48699515,
1323,5956115,48739806,
1324,5992592,48779390,
1325,6028716,48818713,
1326,6072667,48858683,
1327,6108476,48902937,
1328,6139823,48948568,
1329,6171597,48987929,
1330,6204842,49027433,
1331,6234376,49067694,
1332,6267815,49103437,
1333,6297695,49137819,
1334,6331334,49171780,
1335,6365225,49205365,
1336,6406280,49237348,
1337,6446110,49269629,
1338,6479269,49302733,
1339,6518480,49335469,
1340,6557144,49368426,
1341,6598311,49401312,
1342,6640945,49433925,
1343,6674357,49466573,
1344,6705482,49498134,
1345,6736959,49530825,
1346,6770286,49563235,
1347,6808849,49597413,
1348,6835974,49630366,
1349,6864955,49665873,
1350,6901304,49699950,
1351,6928615,49734126,
1352,6956022,49768539,
1353,6981049,49804276,
1354,7012885,49838668,
1355,7044974,49873944,
1356,7076537,49907186,
1357,7106352,49939568,
1358,7128273,49971992,
1359,7156053,50008058,
1360,7184832,50043166,
1361,7210887,50078046,
1362,7241771,50114554,
1363,7269361,50153363,
1364,7303917,50192642,
1365,7326232,50226287,
1366,7347189,50263719,
1367,7371683,50296745,
1368,7404361,50330550,
1369,7431193,50364834,
1370,7464629,50400975,
1371,7499421,50435498,
1372,7533338,50471566,
1373,7566823,50507480,
1374,7605374,50541822,
1375,7640417,50581025,
1376,7671998,50618864,
1377,7698480,50654298,
1378,7726960,50690426,
1379,7760262,50725407,
1380,7787568,50761806,
1381,7818767,50798742,
1382,7852320,50834818,
1383,7884620,50871115,
1384,7912332,50907289,
1385,7938083,50942626,
1386,7967855,50979967,
1387,8008963,51017483,
1388,8051960,51054825,
1389,8083401,51093489,
1390,8116344,51132215,
1391,8142216,51169529,
1392,8163834,51205235,
1393,8180008,51240403,
1394,8197847,51278472,
1395,8219766,51318347,
1396,8250719,51359233,
1397,8277168,51396768,
1398,8301078,51436513,
1399,8329946,51474696,
1400,8354246,51516761,
1401,8377891,51559770,
1402,8410195,51597013,
1403,8442636,51633436,
1404,8478369,51670907,
1405,8510468,51710010,
1406,8535291,51747709,
1407,8561971,51783757,
1408,8585566,51814759,
1409,8609596,51850508,
1410,8635764,51882200,
1411,8666792,51915009,
1412,8703917,51948366,
1413,8743934,51980757,
1414,8775560,52011162,
1415,8810399,52042922,
1416,8846539,52075431,
1417,8884274,52107597,
1418,8922375,52137932,
1419,8953851,52167650,
1420,8985695,52196087,
1421,9014730,52224475,
1422,9050510,52254012,
1423,9087806,52283318,
1424,9114758,52312073,
1425,9152549,52340248,
1426,9188928,52369535,
1427,9219595,52396897,
1428,9252019,52425418,
1429,9272145,52453534,
1430,9294343,52482753,
1431,9327510,52511721,
1432,9361406,52541148,
1433,9396942,52574327,
1434,9429666,52626085,
1435,9461878,52678145,
1436,9493637,52730960,
1437,9530017,52775137,
1438,9566898,52815350,
1439,9603764,52856219,
1440,9645391,52904038,
1441,9684012,52940696,
1442,9717059,52975291,
1443,9753187,53015471,
1444,9793843,53053436,
1445,9843522,53093005,
1446,9889413,53129855,
1447,9924316,53165027,
1448,9968468,53197626,
1449,10018600,53228567,
1450,10056635,53263301,
1451,10091502,53299010,
1452,10121358,53333739,
1453,10157479,53369522,
1454,10200999,53403475,
1455,10247979,53436560,
1456,10286608,53467966,
1457,10329471,53502014,
1458,10360356,53536803,
1459,10393248,53571848,
1460,10430867,53609595,
1461,10474400,53646898,
1462,10521770,53680598,
1463,10561581,53708738,
1464,10594509,53741707,
1465,10634930,53786810,
1466,10673770,53833069,
1467,10716434,53869819,
1468,10769018,53906788,
1469,10821552,53920413,
1470,10867753,53942531,
1471,10917538,53966864,
1472,10960987,53989650,
1473,11007094,53999448,
1474,11058894,54011371,
1475,11107795,54016657,
1476,11157180,54021066,
1477,11212367,54027529,
1478,11253609,54055364,
1479,11294251,54094346,
1480,11336648,54127694,
1481,11384007,54160054,
1482,11429623,54180223,
1483,11479129,54191021,
1484,11531838,54203656,
1485,11585571,54217245,
1486,11638307,54233120,
1487,11688759,54251889,
1488,11729696,54270239,
1489,11782163,54287140,
1490,11839681,54302958,
1491,11894204,54317925,
1492,11954683,54334929,
1493,12010442,,
1494,12064285,,
1495,12106175,,
1496,12169345,,
1497,12229157,,
1498,12286621,,
1499,12342719,,
1500,12400470,,
1501,12458989,,
1502,12517184,,
1503,12568649,,
1504,12623079,,
1505,12675430,,
1506,12724889,,
1507,12774985,,
1508,12828409,,
1509,12888652,,
1510,12945007,,
1511,13006606,,
1512,13064307,,
1513,13120951,,
1514,13188241,,
1515,13251432,,
1516,13312402,,
1517,13375165,,
1518,13439624,,
1519,13495428,,
1520,13548536,,
1521,13612518,,
1522,13668665,,
1523,13731899,,
1524,13799108,,
1525,13854296,,
1526,13909935,,
1527,13982861,,
1528,14041415,,
1529,14091232,,
1530,14147441,,
1531,14205843,,
1532,14268723,,
1533,14301710,,
1534,14336958,,
1535,14380282,,
1536,14426099,,
1537,14472201,,
1538,14527983,,
1539,14588242,,
1540,14640415,,
1541,14692226,,
1542,14739840,,
1543,14789908,,
1544,14841920,,
1545,14903716,,
1546,14964797,,
1547,15025456,,
1548,15068890,,
1549,15121435,,
1550,15183946,,
1551,15249328,,
1552,15314841,,
1553,15375657,,
1554,15427391,,
1555,15490606,,
1556,15552821,,
1557,15620698,,
1558,15683445,,
1559,15751272,,
1560,15809748,,
1561,15862874,,
1562,15919546,,
1563,15973156,,
1564,16040419,,
1565,16096908,,
1566,16145810,,
1567,16203335,,
1568,16250517,,
1569,16294761,,
1570,16341732,,
1571,16403544,,
1572,16469052,,
1573,16530259,,
1574,16585660,,
1575,16628647,,
1576,16671335,,
1577,16723257,,
1578,16769832,,
1579,16826546,,
1580,16880886,,
1581,16931877,,
1582,16982465,,
1583,17032327,,
1584,17085112,,
1585,17142466,,
1586,17192919,,
1587,17259941,,
1588,17327450,,
1589,17400860,,
1590,17465574,,
1591,17526140,,
1592,17593160,,
1593,17655994,,
1594,17717146,,
1595,17776346,,
1596,17828412,,
1597,17875413,,
1598,17924065,,
1599,17978018,,
1600,18029914,,
1601,18089561,,
1602,18144220,,
1603,18194983,,
1604,18235706,,
1605,18288864,,
1606,18347086,,
1607,18401254,,
1608,18457591,,
1609,18511897,,
1610,18565510,,
1611,18615477,,
1612,18671898,,
1613,18728325,,
1614,18785417,,
1615,18839698,,
1616,18891757,,
1617,18939087,,
1618,18983840,,
1619,19028983,,
1620,19077698,,
1621,19123614,,
1622,19167300,,
1623,19216283,,
1624,19252128,,
1625,19295278,,
1626,19341789,,
1627,19386765,,
1628,19433761,,
1629,19487406,,
1630,19533201,,
1631,19577579,,
1632,19615654,,
1633,19660175,,
1634,19704162,,
1635,19751082,,
1636,19795959,,
1637,19845955,,
1638,19882003,,
1639,19912127,,
1640,19951038,,
1641,19990580,,
1642,20025634,,
1643,20060954,,
1644,20097654,,
1645,20130381,,
1646,20161124,,
1647,20200299,,
1648,20240963,,
1649,20280473,,
1650,20323922,,
1651,20373153,,
1652,20410350,,
1653,20443788,,
1654,20481177,,
1655,20521176,,
1656,20560758,,
1657,20601702,,
1658,20638185,,
1659,20672288,,
1660,20707034,,
1661,20746778,,
1662,20785151,,
1663,20827869,,
1664,20869349,,
1665,20907100,,
1666,20943041,,
1667,20981679,,
1668,21022071,,
1669,21065682,,
1670,21114251,,
1671,21165235,,
1672,21217247,,
1673,21261375,,
1674,21305210,,
1675,21355012,,
1676,21409598,,
1677,21467453,,
1678,21524345,,
1679,21574770,,
1680,21625137,,
1681,21663607,,
1682,21713647,,
1683,21767517,,
1684,21818383,,
1685,21875553,,
1686,21946681,,
1687,22004375,,
1688,22060950,,
1689,22131008,,
1690,22193585,,
1691,22255537,,
1692,22320837,,
1693,22375675,,
1694,22427611,,
1695,22472751,,
1696,22527867,,
1697,22589705,,
1698,22655229,,
1699,22713862,,
1700,22775601,,
1701,22822067,,
1702,22868658,,
1703,22920590,,
1704,22972842,,
1705,23024458,,
1706,23085532,,
1707,23147831,,
1708,23198300,,
1709,23243866,,
1710,23302162,,
1711,23354756,,
1712,23403192,,
1713,23456526,,
1714,23501145,,
1715,23543363,,
1716,23597380,,
1717,23650618,,
1718,23718658,,
1719,23777301,,
1720,23837643,,
1721,23895181,,
1722,23947479,,
1723,23998802,,
1724,24063943,,
1725,24126070,,
1726,24181554,,
1727,24238411,,
1728,24284582,,
1729,24327225,,
1730,24367485,,
1731,24414357,,
1732,24472693,,
1733,24533154,,
1734,24593128,,
1735,24644063,,
1736,24689163,,
1737,24732392,,
1738,24778114,,
1739,24822113,,
1740,24873307,,
1741,24929980,,
1742,24981044,,
1743,25030360,,
1744,25081023,,
1745,25138247,,
1746,25194357,,
1747,25244271,,
1748,25292468,,
1749,25350602,,
1750,25407410,,
1751,25455181,,
1752,25515566,,
1753,25580271,,
1754,25636009,,
1755,25698917,,
1756,25756223,,
1757,25803560,,
1758,25847241,,
1759,25898156,,
1760,25948191,,
1761,25997091,,
1762,26053702,,
1763,26098593,,
1764,26138270,,
1765,26173057,,
1766,26219526,,
1767,26271639,,
1768,26327237,,
1769,26386560,,
1770,26446347,,
1771,26501335,,
1772,26557758,,
1773,26614555,,
1774,26672667,,
1775,26738488,,
1776,26807515,,
1777,26867722,,
1778,26914123,,
1779,26966484,,
1780,27048670,,
1781,27139277,,
1782,27214690,,
1783,27287781,,
1784,27364938,,
1785,27435729,,
1786,27496365,,
1787,27567821,,
1788,27655208,,
1789,27747820,,
1790,27846652,,
1791,27936290,,
1792,28010206,,
1793,28082293,,
1794,28158466,,
1795,28235151,,
1796,28315844,,
1797,28399926,,
1798,28470148,,
1799,28536111,,
1800,28583846,,
1801,28647398,,
1802,28716411,,
1803,28783133,,
1804,28839813,,
1805,28900818,,
1806,28953832,,
1807,29006546,,
1808,29076501,,
1809,29142829,,
1810,29224044,,
1811,29294066,,
1812,29361487,,
1813,29416353,,
1814,29468589,,
1815,29522201,,
1816,29578152,,
1817,29632546,,
1818,29684708,,
1819,29738204,,
1820,29784896,,
1821,29836055,,
1822,29891007,,
1823,29939541,,
1824,29981924,,
1825,30037120,,
1826,30098455,,
1827,30150356,,
1828,30207843,,
1829,30276326,,
1830,30338509,,
1831,30399374,,
1832,30458421,,
1833,30513133,,
1834,30569059,,
1835,30618317,,
1836,30672821,,
1837,30728690,,
1838,30791441,,
1839,30847043,,
1840,30906189,,
1841,30957374,,
1842,31004798,,
1843,31068310,,
1844,31141380,,
1845,31206176,,
1846,31268831,,
1847,31335397,,
1848,31388310,,
1849,31441600,,
1850,31505955,,
1851,31571968,,
1852,31631489,,
1853,31692429,,
1854,31751356,,
1855,31807071,,
1856,31858190,,
1857,31917607,,
1858,31985673,,
1859,32053053,,
1860,32122775,,
1861,32195199,,
1862,32258362,,
1863,32315926,,
1864,32381781,,
1865,32449003,,
1866,32509836,,
1867,32579002,,
1868,32652699,,
1869,32714156,,
1870,32771591,,
1871,32833027,,
1872,32897188,,
1873,32969683,,
1874,33038287,,
1875,33108860,,
1876,33166404,,
1877,33225745,,
1878,33300154,,
1879,33379600,,
1880,33451756,,
1881,33524096,,
1882,33595306,,
1883,33657256,,
1884,33714901,,
1885,33796191,,
1886,33879358,,
1887,33951937,,
1888,34021203,,
1889,34093448,,
1890,34158242,,
1891,34219583,,
1892,34291172,,
1893,34368104,,
1894,34443847,,
1895,34516958,,
1896,34586292,,
1897,34646646,,
1898,34706188,,
1899,34770835,,
1900,34826537,,
1901,34899362,,
1902,34972044,,
1903,35042650,,
1904,35110040,,
1905,35168434,,
1906,35237494,,
1907,35310547,,
1908,35377670,,
1909,35451351,,
1910,35515388,,
1911,35570044,,
1912,35624875,,
1913,35690663,,
1914,35755665,,
1915,35820747,,
1916,35888635,,
1917,35953591,,
1918,36008454,,
1919,36059351,,
1920,36125841,,
1921,36192836,,
1922,36257209,,
1923,36326465,,
1924,36390588,,
1925,36438339,,
1926,36488967,,
1927,36558857,,
1928,36632633,,
1929,36700809,,
1930,36766855,,
1931,36822850,,
1932,36875851,,
1933,36924079,,
1934,36985043,,
1935,37060879,,
1936,37136594,,
1937,37206733,,
1938,37280220,,
1939,37330719,,
1940,37383542,,
1941,37448528,,
1942,37513065,,
1943,37577060,,
1944,37636647,,
1945,37697043,,
1946,37750858,,
1947,37804920,,
1948,37869634,,
1949,37945748,,
1950,38015806,,
1951,38084302,,
1952,38150750,,
1953,38207207,,
1954,38261163,,
1955,38334928,,
1956,38402745,,
1957,38472084,,
1958,38546819,,
1959,38612330,,
1960,38666119,,
1961,38717208,,
1962,38778880,,
1963,38850732,,
1964,38920530,,
1965,38992941,,
1966,39067246,,
1967,39118794,,
1968,39176420,,
1969,39241713,,
1970,39311666,,
1971,39383834,,
1972,39447652,,
1973,39513464,,
1974,39564603,,
1975,39620324,,
1976,39685154,,
1977,39753588,,
1978,39820116,,
1979,39885939,,
1980,39947670,,
1981,40000663,,
1982,40047727,,
1983,40105940,,
1984,40171002,,
1985,40233179,,
1986,40296608,,
1987,40361561,,
1988,40415047,,
1989,40469786,,
1990,40537589,,
1991,40606920,,
1992,40669948,,
1993,40732422,,
1994,40789557,,
1995,40840640,,
1996,40891237,,
1997,40951352,,
1998,41015427,,
1999,41079483,,
2000,41140562,,
2001,41203286,,
2002,41258006,,
2003,41308180,,
2004,41377982,,
2005,41447730,,
2006,41513580,,
2007,41575418,,
2008,41635126,,
2009,41684007,,
2010,41736471,,
2011,41802304,,
2012,41871647,,
2013,41941300,,
2014,42004123,,
2015,42062754,,
2016,42116570,,
2017,42168322,,
2018,42232269,,
2019,42303477,,
2020,42369410,,
2021,42435027,,
2022,42498820,,
2023,42557290,,
2024,42610832,,
2025,42674199,,
2026,42741463,,
2027,42807303,,
2028,42873162,,
2029,42935365,,
2030,42992234,,
2031,43043484,,
2032,43108387,,
2033,43170928,,
2034,43236423,,
2035,43306073,,
2036,43372120,,
2037,43427328,,
2038,43481622,,
2039,43549471,,
2040,43624108,,
2041,43701309,,
2042,43770614,,
2043,43838411,,
2044,43899526,,
2045,43958450,,
2046,44031578,,
2047,44110416,,
2048,44185498,,
2049,44266414,,
2050,44339944,,
2051,44405251,,
2052,44465294,,
2053,44537649,,
2054,44612509,,
2055,44685418,,
2056,44758508,,
2057,44825268,,
2058,44883015,,
2059,44940081,,
2060,45009615,,
2061,45081957,,
2062,45157460,,
2063,45225293,,
2064,45293068,,
2065,45354272,,
2066,45412758,,
2067,45482109,,
2068,45555387,,
2069,45624817,,
2070,45696127,,
2071,45766638,,
2072,45826863,,
2073,45887114,,
2074,45963760,,
2075,46044899,,
2076,46119918,,
2077,46184206,,
2078,46251487,,
2079,46311961,,
2080,46380171,,
2081,46458089,,
2082,46547633,,
2083,46626159,,
2084,46702516,,
2085,46772609,,
2086,46836777,,
2087,46894445,,
2088,46968154,,
2089,47045077,,
2090,47120379,,
2091,47199075,,
2092,47271692,,
2093,47332711,,
2094,47396129,,
2095,47475287,,
2096,47552512,,
2097,47631639,,
2098,47704786,,
2099,47778863,,
2100,47845683,,
2101,47911801,,
2102,47990748,,
2103,48067920,,
2104,48146922,,
2105,48229533,,
2106,48308992,,
2107,48374577,,
2108,48439573,,
2109,48517059,,
2110,48600001,,
2111,48674702,,
2112,48750401,,
2113,48818555,,
2114,48885418,,
2115,48950676,,
2116,49032927,,
2117,49113680,,
2118,49192804,,
2119,49273214,,
2120,49354627,,
2121,49423549,,
2122,49494117,,
2123,49579206,,
2124,49667181,,
2125,49761539,,
2126,49853154,,
2127,49937672,,
2128,50007032,,
2129,50083557,,
2130,50173841,,
2131,50264317,,
2132,50353425,,
2133,50444245,,
2134,50528143,,
2135,50602842,,
2136,50675756,,
2137,50765081,,
2138,50849651,,
2139,50947401,,
2140,51037908,,
2141,51123386,,
2142,51196029,,
2143,51271562,,
2144,51359616,,
2145,51447150,,
2146,51536258,,
2147,51622442,,
2148,51703113,,
2149,51778690,,
2150,51856864,,
2151,51942916,,
2152,52025966,,
2153,52113294,,
2154,52197156,,
2155,52281978,,
2156,52362008,,
2157,52446417,,
2158,52546980,,
2159,52646808,,
2160,52742652,,
2161,52842048,,
2162,52932157,,
2163,53011870,,
2164,53086339,,
2165,53177390,,
2166,53268303,,
2167,53357533,,
2168,53441529,,
2169,53521031,,
2170,53596156,,
2171,53677760,,
2172,53774738,,
2173,53873975,,
2174,53971248,,
2175,54066148,,
2176,54160681,,
2177,54246985,,
2178,54326537,,
2179,54423059,,
2180,54523143,,
2181,54603528,,
2182,54671254,,
2183,54748508,,
2184,54826522,,
2185,54899124,,
2186,54984987,,
2187,55068005,,
2188,55143834,,
2189,55204011,,
2190,55287061,,
2191,55368465,,
2192,55451234,,
2193,55546955,,
2194,55635803,,
2195,55728372,,
2196,55833983,,
2197,55934380,,
2198,56040722,,
2199,56130473,,
2200,56231224,,
2201,56329464,,
2202,56436457,,
2203,56556118,,
2204,56660860,,
2205,56749276,,
2206,56833041,,
2207,56932049,,
2208,57032231,,
2209,57125499,,
2210,57220987,,
2211,57315065,,
2212,57395698,,
2213,57481527,,
2214,57589422,,
2215,57688687,,
2216,57773774,,
2217,57866058,,
2218,57945794,,
2219,58032425,,
2220,58110582,,
2221,58197772,,
2222,58289150,,
2223,58378040,,
2224,58465588,,
2225,58550297,,
2226,58636065,,
2227,58719372,,
2228,58824267,,
2229,58926369,,
2230,59024929,,
2231,59113187,,
2232,59226976,,
2233,59327455,,
2234,59409555,,
2235,59513007,,
2236,59617081,,
2237,59721038,,
2238,59814753,,
2239,59913981,,
2240,60002159,,
2241,60086787,,
2242,60191299,,
2243,60294452,,
2244,60397707,,
2245,60498929,,
2246,60602514,,
2247,60690485,,
2248,60778425,,
2249,60885449,,
2250,60995937,,
2251,61094759,,
2252,61192283,,
2253,61285944,,
2254,61377078,,
2255,61467112,,
2256,61573904,,
2257,61675891,,
2258,61779196,,
2259,61872677,,
2260,61969757,,
2261,62060967,,
2262,62144227,,
2263,62249817,,
2264,62349517,,
2265,62447825,,
2266,62552739,,
2267,62656794,,
2268,62752993,,
2269,62843002,,
2270,62945334,,
2271,63037976,,
2272,63136208,,
2273,63237646,,
2274,63336009,,
2275,63424952,,
2276,63516847,,
2277,63620978,,
2278,63735655,,
2279,63856403,,
2280,63966159,,
2281,64072117,,
2282,64159722,,
2283,64256243,,
2284,64361520,,
2285,64474735,,
2286,64584083,,
2287,64700547,,
2288,64810184,,
2289,64910380,,
2290,64996983,,
2291,65113273,,
2292,65222024,,
2293,65330001,,
2294,65429528,,
2295,65530516,,
2296,65628096,,
2297,65721513,,
2298,65837989,,
2299,65948246,,
2300,66061582,,
2301,66171516,,
2302,66277117,,
2303,66377715,,
2304,66471237,,
2305,66584602,,
2306,66698144,,
2307,66815698,,
2308,66926377,,
2309,67027829,,
2310,67120738,,
2311,67204593,,
2312,67309104,,
2313,67424893,,
2314,67536145,,
2315,67646530,,
2316,67756680,,
2317,67852697,,
2318,67939988,,
2319,68050135,,
2320,68159742,,
2321,68270304,,
2322,68372361,,
2323,68476888,,
2324,68566188,,
2325,68655272,,
2326,68752230,,
2327,68861193,,
2328,68966009,,
2329,69064006,,
2330,69167044,,
2331,69254241,,
2332,69345369,,
2333,69452866,,
2334,69563825,,
2335,69670063,,
2336,69780589,,
2337,69910894,,
2338,70033116,,
2339,70130472,,
2340,70263140,,
2341,70388857,,
2342,70518255,,
2343,70632940,,
2344,70741833,,
2345,70835424,,
2346,70917926,,
2347,71029596,,
2348,71150733,,
2349,71280349,,
2350,71400989,,
2351,71526391,,
2352,71631621,,
2353,71737001,,
2354,71865570,,
2355,71985942,,
2356,72117948,,
2357,72243778,,
2358,72369792,,
2359,72470337,,
2360,72567106,,
2361,72686003,,
2362,72812679,,
2363,72926028,,
2364,73035221,,
2365,73152939,,
2366,73256728,,
2367,73357369,,
2368,73482148,,
2369,73637896,,
2370,73780605,,
2371,73923559,,
2372,74052903,,
2373,74156621,,
2374,74271347,,
2375,74452229,,
2376,74643139,,
2377,74838721,,
2378,75033710,,
2379,75223841,,
2380,75410799,,
2381,75619427,,
2382,75777887,,
2383,75902749,,
2384,76014912,,
2385,76130972,,
2386,76245824,,
2387,76379866,,
2388,76497526,,
2389,76622796,,
2390,76756996,,
2391,76885978,,
2392,76996485,,
2393,77104611,,
2394,77205178,,
2395,77298725,,
2396,77412936,,
2397,77534816,,
2398,77674834,,
2399,77799856,,
2400,77945299,,
2401,78093753,,
2402,78197725,,
2403,78317122,,
2404,78450108,,
2405,78581422,,
2406,78716233,,
2407,78831617,,
2408,78932567,,
2409,79020711,,
2410,79136639,,
2411,79252620,,
2412,79369590,,
2413,79485398,,
2414,79595916,,
2415,79692323,,
2416,79780940,,
2417,79901571,,
2418,80019247,,
2419,80135688,,
2420,80255135,,
2421,80367946,,
2422,80472291,,
2423,80566328,,
2424,80692735,,
2425,80815699,,
2426,80939478,,
2427,81056536,,
2428,81176555,,
2429,81285599,,
2430,81382375,,
2431,81511457,,
2432,81642637,,
2433,81793640,,
2434,81918913,,
2435,82021047,,
2436,82148569,,
2437,82254493,,
2438,82378881,,
2439,82506687,,
2440,82630692,,
2441,82753922,,
2442,82935982,,
2443,83072748,,
2444,83217377,,
2445,83386377,,
2446,83548121,,
2447,83717240,,
2448,83974220,,
2449,84136365,,
2450,84250684,,
2451,84358426,,
2452,84491441,,
2453,84626655,,
2454,84759257,,
2455,84885030,,
2456,85011507,,
2457,85127603,,
2458,85236439,,
2459,85372504,,
2460,85513723,,
2461,85654279,,
2462,85790558,,
2463,85931304,,
2464,86046645,,
2465,86148695,,
2466,86278140,,
2467,86422806,,
2468,86558573,,
2469,86692646,,
2470,86812491,,
2471,86936204,,
2472,87041032,,
2473,87176204,,
2474,87310947,,
2475,87454264,,
2476,87605865,,
2477,87749623,,
2478,87890407,,
2479,88003715,,
2480,88150389,,
2481,88297938,,
2482,88443177,,
2483,88595221,,
2484,88733575,,
2485,88877371,,
2486,89007891,,
2487,89123708,,
2488,89277247,,
2489,89438272,,
2490,89598752,,
2491,89762455,,
2492,89918306,,
2493,90071316,,
2494,90245401,,
2495,90430519,,
2496,90635976,,
2497,90817706,,
2498,90984324,,
2499,91135187,,
2500,91270548,,
2501,91426697,,
2502,91587159,,
2503,91749102,,
2504,91909018,,
2505,92062192,,
2506,92211333,,
2507,92351336,,
2508,92511842,,
2509,92670419,,
2510,92836912,,
2511,92985728,,
2512,93143503,,
2513,93292255,,
2514,93422111,,
2515,93568987,,
2516,93721274,,
2517,93874190,,
2518,94037471,,
2519,94199311,,
2520,94363177,,
2521,94493659,,
2522,94678633,,
2523,94855360,,
2524,95038225,,
2525,95202047,,
2526,95373426,,
2527,95562185,,
2528,95739043,,
2529,95932864,,
2530,96131558,,
2531,96349233,,
2532,96561329,,
2533,96771970,,
2534,96976076,,
2535,97164136,,
2536,97395913,,
2537,97620625,,
2538,97843276,,
2539,98056628,,
2540,98274162,,
2541,98482203,,
2542,98678620,,
2543,98911838,,
2544,99129868,,
2545,99349811,,
2546,99563171,,
2547,99737039,,
2548,99916266,,
2549,100076792,,
2550,100251551,,
2551,100435998,,
2552,100613401,,
2553,100766751,,
2554,100891178,,
2555,101039042,,
2556,101184071,,
2557,101362647,,
2558,101546306,,
2559,101718114,,
2560,101909201,,
2561,102088804,,
2562,102274418,,
2563,102430377,,
2564,102623277,,
2565,102817714,,
2566,103010191,,
2567,103192028,,
2568,103371141,,
2569,103568565,,
2570,103764760,,
2571,103981419,,
2572,104169427,,
2573,104379065,,
2574,104596339,,
2575,104812463,,
2576,105000506,,
2577,105204890,,
2578,105429168,,
2579,105657967,,
2580,105888308,,
2581,106109879,,
2582,106332888,,
2583,106527994,,
2584,106705808,,
2585,106932244,,
2586,107170438,,
2587,107357849,,
2588,107559870,,
2589,107782525,,
2590,108011077,,
2591,108221614,,
2592,108450224,,
2593,108683181,,
2594,108912409,,
2595,109133534,,
2596,109335142,,
2597,109519875,,
2598,109709551,,
2599,109930170,,
2600,110146418,,
2601,110370517,,
2602,110584213,,
2603,110802286,,
2604,111018306,,
2605,111226810,,
2606,111463016,,
2607,111712020,,
2608,111931809,,
2609,112149431,,
2610,112353232,,
2611,112530111,,
2612,112769866,,
2613,113033928,,
2614,113309483,,
2615,113575120,,
2616,113803339,,
2617,114004069,,
2618,114239838,,
2619,114400925,,
2620,114588146,,
2621,114785651,,
2622,114972325,,
2623,115162986,,
2624,115358392,,
2625,115524860,,
2626,115672761,,
2627,115861869,,
2628,116066097,,
2629,116277935,,
2630,116484727,,
2631,116689036,,
2632,116869674,,
2633,117044460,,
2634,117244213,,
2635,117447396,,
2636,117637330,,
2637,117826422,,
2638,117997064,,
2639,118156481,,
2640,118315206,,
2641,118514547,,
2642,118715174,,
2643,118913668,,
2644,119123645,,
2645,119327209,,
2646,119516806,,
2647,119688643,,
2648,119897734,,
2649,120116860,,
2650,120336030,,
2651,120557145,,
2652,120767310,,
2653,120964844,,
2654,121151157,,
2655,121385210,,
2656,121618943,,
2657,121843803,,
2658,122072349,,
2659,122285536,,
2660,122466132,,
2661,122659383,,
2662,122881395,,
2663,123107048,,
2664,123318968,,
2665,123534395,,
2666,123743970,,
2667,123927970,,
2668,124110566,,
2669,124331993,,
2670,124582298,,
2671,124827160,,
2672,125072790,,
2673,125331306,,
2674,125549193,,
2675,125734137,,
2676,125958862,,
2677,126191046,,
2678,126430174,,
2679,126658891,,
2680,126897840,,
2681,127093961,,
2682,127278650,,
2683,127507643,,
2684,127754536,,
2685,127990970,,
2686,128218155,,
2687,128449089,,
2688,128657235,,
2689,128862524,,
2690,129097772,,
2691,129342223,,
2692,129577060,,
2693,129789251,,
2694,130001511,,
2695,130187660,,
2696,130373333,,
2697,130602289,,
2698,130843450,,
2699,131092974,,
2700,131314718,,
2701,131530469,,
2702,131718348,,
2703,131905334,,
2704,132111329,,
2705,132330310,,
2706,132560237,,
2707,132794297,,
2708,133023435,,
2709,133219028,,
2710,133408557,,
2711,133631053,,
2712,133868376,,
2713,134099239,,
2714,134329807,,
2715,134557046,,
2716,134770774,,
2717,134985016,,
2718,135237211,,
2719,135481029,,
2720,135742098,,
2721,136010108,,
2722,136260043,,
2723,136497536,,
2724,136710958,,
2725,136961832,,
2726,137213385,,
2727,137450818,,
2728,137685027,,
2729,137922587,,
2730,138131987,,
2731,138311196,,
2732,138529943,,
2733,138742889,,
2734,138968013,,
2735,139195718,,
2736,139405558,,
2737,139598829,,
2738,139779753,,
2739,139993521,,
2740,140208134,,
2741,140428939,,
2742,140638721,,
2743,140848943,,
2744,141031351,,
2745,141193855,,
2746,141413936,,
2747,141631951,,
2748,141849333,,
2749,142072800,,
2750,142283991,,
2751,142466102,,
2752,142636503,,
2753,142858972,,
2754,143080696,,
2755,143306086,,
2756,143528281,,
2757,143748741,,
2758,143945489,,
2759,144129893,,
2760,144368231,,
2761,144605262,,
2762,144835381,,
2763,145075187,,
2764,145304572,,
2765,145504016,,
2766,145696612,,
2767,145919670,,
2768,146170109,,
2769,146411954,,
2770,146643982,,
2771,146874125,,
2772,147069302,,
2773,147259776,,
2774,147493821,,
2775,147724912,,
2776,147974730,,
2777,148226047,,
2778,148459884,,
2779,148677500,,
2780,148872631,,
2781,149077705,,
2782,149333121,,
2783,149568306,,
2784,149806079,,
2785,150051706,,
2786,150267412,,
2787,150449524,,
2788,150672805,,
2789,150911773,,
2790,151151470,,
2791,151383519,,
2792,151608603,,
2793,151801110,,
2794,151973900,,
2795,152204440,,
2796,152453058,,
2797,152679409,,
2798,152912738,,
2799,153141640,,
2800,153320980,,
2801,153500837,,
2802,153735757,,
2803,153963091,,
2804,154216326,,
2805,154441856,,
2806,154659316,,
2807,154855372,,
2808,155034918,,
2809,155247330,,
2810,155485451,,
2811,155713157,,
2812,155947042,,
2813,156163622,,
2814,156375885,,
2815,156567060,,
2816,156792206,,
2817,157033536,,
2818,157271477,,
2819,157501104,,
2820,157731256,,
2821,157934352,,
2822,158130951,,
2823,158362633,,
2824,158606346,,
2825,158840436,,
2826,159081578,,
2827,159329719,,
2828,159545624,,
2829,159735074,,
2830,159997842,,
2831,160259639,,
2832,160529028,,
2833,160800587,,
2834,161068074,,
2835,161314272,,
2836,161528583,,
2837,161753333,,
2838,162015575,,
2839,162249292,,
2840,162480033,,
2841,162717866,,
2842,162927665,,
2843,163126915,,
2844,163365098,,
2845,163614833,,
2846,163808602,,
2847,164086349,,
2848,164345791,,
2849,164564199,,
2850,164756860,,
2851,164981514,,
2852,165219968,,
2853,165441742,,
2854,165774318,,
2855,166019010,,
2856,166250614,,
2857,166456334,,
2858,166701277,,
2859,166949857,,
2860,167216265,,
2861,167489664,,
2862,167736460,,
2863,167972903,,
2864,168197025,,
2865,168474885,,
2866,168768355,,
2867,169040660,,
2868,169306568,,
2869,169565193,,
2870,169797052,,
2871,170011022,,
2872,170284629,,
2873,170564542,,
2874,170856581,,
2875,171130890,,
2876,171405848,,
2877,171656800,,
2878,171902059,,
2879,172187514,,
2880,172471974,,
2881,172742729,,
2882,173077494,,
2883,173392424,,
2884,173664409,,
2885,173908371,,
2886,174205060,,
2887,174494420,,
2888,174786475,,
2889,175020977,,
2890,175341238,,
2891,175628492,,
2892,175873690,,
2893,176152489,,
2894,176474203,,
2895,176782419,,
2896,177067491,,
2897,177333133,,
2898,177579434,,
2899,177807197,,
2900,178079461,,
2901,178374215,,
2902,178661849,,
2903,178943531,,
2904,179222803,,
2905,179458707,,
2906,179696381,,
2907,179981075,,
2908,180275716,,
2909,180598454,,
2910,180914954,,
2911,181217655,,
2912,181457245,,
2913,181653997,,
2914,181903165,,
2915,182197263,,
2916,182503260,,
2917,182808981,,
2918,183094473,,
2919,183340717,,
2920,183518771,,
2921,183808476,,
2922,184118086,,
2923,184444492,,
2924,184735328,,
2925,185079682,,
2926,185361332,,
2927,185618079,,
2928,185892637,,
2929,186214500,,
2930,186519527,,
2931,186806529,,
2932,187085755,,
2933,187329944,,
2934,187558404,,
2935,187832121,,
2936,188120048,,
2937,188420669,,
2938,188721871,,
2939,189019666,,
2940,189278897,,
2941,189517036,,
2942,189749079,,
2943,190030542,,
2944,190338269,,
2945,190649954,,
2946,190911239,,
2947,191158264,,
2948,191399066,,
2949,191651886,,
2950,191962441,,
2951,192307404,,
2952,192565658,,
2953,192888825,,
2954,193173998,,
2955,193467958,,
2956,193695228,,
2957,194024371,,
2958,194333008,,
2959,194675850,,
2960,194980155,,
2961,195239299,,
2962,195472905,,
2963,195765810,,
2964,196081779,,
2965,196369896,,
2966,196661487,,
2967,196981623,,
2968,197264467,,
2969,197516102,,
2970,197798499,,
2971,198077661,,
2972,198356913,,
2973,198685415,,
2974,199029346,,
2975,199350955,,
2976,199622148,,
2977,199905348,,
2978,200233188,,
2979,200546916,,
2980,200877769,,
2981,201212934,,
2982,201480417,,
2983,201758883,,
2984,202045902,,
2985,202373409,,
2986,202671839,,
2987,202976641,,
2988,203284628,,
2989,203562999,,
2990,203784734,,
2991,204055707,,
2992,204369072,,
2993,204660789,,
2994,204984681,,
2995,205279089,,
2996,205542770,,
2997,205807869,,
2998,206089774,,
2999,206374818,,
3000,206691395,,
3001,206979848,,
3002,207267535,,
3003,207513423,,
3004,207727516,,
3005,207966982,,
3006,208261183,,
3007,208542611,,
3008,208828687,,
3009,209093041,,
3010,209348359,,
3011,209588127,,
3012,209879398,,
3013,210134588,,
3014,210452873,,
3015,210741329,,
3016,211037119,,
3017,211265339,,
3018,211501064,,
3019,211776250,,
3020,212085054,,
3021,212361507,,
3022,212590241,,
3023,212876949,,
3024,213145765,,
3025,213358125,,
3026,213607282,,
3027,213913377,,
3028,214222563,,
3029,214489530,,
3030,214813113,,
3031,215085995,,
3032,215327149,,
3033,215555894,,
3034,215879648,,
3035,216213176,,
3036,216511601,,
3037,216816740,,
3038,217159019,,
3039,217436099,,
3040,217734662,,
3041,218066357,,
3042,218362081,,
3043,218717390,,
3044,218985324,,
3045,219344782,,
3046,219663198,,
3047,220027511,,
3048,220361142,,
3049,220671559,,
3050,220967472,,
3051,221282010,,
3052,221612142,,
3053,221981604,,
3054,222310608,,
3055,222541650,,
3056,222861729,,
3057,223153716,,
3058,223470127,,
3059,223824620,,
3060,224145245,,
3061,224476931,,
3062,224845646,,
3063,225182792,,
3064,225533326,,
3065,225866419,,
3066,226197369,,
3067,226501014,,
3068,226827930,,
3069,227176033,,
3070,227496439,,
3071,227815787,,
3072,228079618,,
3073,228385827,,
3074,228657405,,
3075,228946674,,
3076,229246398,,
3077,229584819,,
3078,229892174,,
3079,230173164,,
3080,230425886,,
3081,230650904,,
3082,230921050,,
3083,231212906,,
3084,231497810,,
3085,231791308,,
3086,232062330,,
3087,232295885,,
3088,232505330,,
3089,232773561,,
3090,233046149,,
3091,233325811,,
3092,233593318,,
3093,233856716,,
3094,234077155,,
3095,234262589,,
3096,234523683,,
3097,234784796,,
3098,235061954,,
3099,235294076,,
3100,235560533,,
3101,235780800,,
3102,235977613,,
3103,236228175,,
3104,236484918,,
3105,236719952,,
3106,236949172,,
3107,237192725,,
3108,237410502,,
3109,237596116,,
3110,237850453,,
3111,238119510,,
3112,238375102,,
3113,238619007,,
3114,238850336,,
3115,239066612,,
3116,239272021,,
3117,239504162,,
3118,239764294,,
3119,240017896,,
3120,240248651,,
3121,240518319,,
3122,240733219,,
3123,240916339,,
3124,241160296,,
3125,241402656,,
3126,241639049,,
3127,241864537,,
3128,242113649,,
3129,242321446,,
3130,242515382,,
3131,242736350,,
3132,242867718,,
3133,243082353,,
3134,243294709,,
3135,243528965,,
3136,243764070,,
3137,243967155,,
3138,244217462,,
3139,244492956,,
3140,244750405,,
3141,245012818,,
3142,245291724,,
3143,245553376,,
3144,245817313,,
3145,246075763,,
3146,246384918,,
3147,246661438,,
3148,247009922,,
3149,247316407,,
3150,247581311,,
3151,247797119,,
3152,248035265,,
3153,248231711,,
3154,248545499,,
3155,248746910,,
3156,248959775,,
3157,249184437,,
3158,249441635,,
3159,249669238,,
3160,249946205,,
3161,250221936,,
3162,250503257,,
3163,250778524,,
3164,251019552,,
3165,251214675,,
3166,251485377,,
3167,251762716,,
3168,252039927,,
3169,252296552,,
3170,252567789,,
3171,252786609,,
3172,252986075,,
3173,253235807,,
3174,253489934,,
3175,253751742,,
3176,254025977,,
3177,254317816,,
3178,254542251,,
3179,254738141,,
3180,254962508,,
3181,255246282,,
3182,255480392,,
3183,255733871,,
3184,255957999,,
3185,256161753,,
3186,256351969,,
3187,256578300,,
3188,256836584,,
3189,257102026,,
3190,257372484,,
3191,257628403,,
3192,257840319,,
3193,258045325,,
3194,258334681,,
3195,258617761,,
3196,258856782,,
3197,259128826,,
3198,259413540,,
3199,259637169,,
3200,259880256,,
3201,260176379,,
3202,260480847,,
3203,260775498,,
3204,261069448,,
3205,261376754,,
3206,261668574,,
3207,261953839,,
3208,262265935,,
3209,262603040,,
3210,262933329,,
3211,263287600,,
3212,263600994,,
3213,263910581,,
3214,264201427,,
3215,264517750,,
3216,264863838,,
3217,265173960,,
3218,265446575,,
3219,265692791,,
3220,265901407,,
3221,266231600,,
3222,266547682,,
3223,266828001,,
3224,267179488,,
3225,267521096,,
3226,267798999,,
3227,268089834,,
3228,268341586,,
3229,268614657,,
3230,268947289,,
3231,269250671,,
3232,269590236,,
3233,269864354,,
3234,270056570,,
3235,270244358,,
3236,270553177,,
3237,270825618,,
3238,271145204,,
3239,271456331,,
3240,271761756,,
3241,272030658,,
3242,272297754,,
3243,272630575,,
3244,273003901,,
3245,273315736,,
3246,273668716,,
3247,273976010,,
3248,274308525,,
3249,274639461,,
3250,275021037,,
3251,275386190,,
3252,275785063,,
3253,276169004,,
3254,276581476,,
3255,276906772,,
3256,277253904,,
3257,277661191,,
3258,278065995,,
3259,278508892,,
3260,278883837,,
3261,279269330,,
3262,279670839,,
3263,280007400,,
3264,280383972,,
3265,280756571,,
3266,281174167,,
3267,281672309,,
3268,282073186,,
3269,282440124,,
3270,282829335,,
3271,283227383,,
3272,283605893,,
3273,283976267,,
3274,284310721,,
3275,284690733,,
3276,284997937,,
3277,285272326,,
3278,285501656,,
3279,285749072,,
3280,286061006,,
3281,286364038,,
3282,286720827,,
3283,287058872,,
3284,287351859,,
3285,287593484,,
3286,287937148,,
3287,288334090,,
3288,288758852,,
3289,289098293,,
3290,289454763,,
3291,289827329,,
3292,290173184,,
3293,290528058,,
3294,290875759,,
3295,291210340,,
3296,291515067,,
3297,291779371,,
3298,292015413,,
3299,292287552,,
3300,292593722,,
3301,292907964,,
3302,293215857,,
3303,293458518,,
3304,293694831,,
3305,293912306,,
3306,294162389,,
3307,294428471,,
3308,294680099,,
3309,294918558,,
3310,295137409,,
3311,295329804,,
3312,295543502,,
3313,295773515,,
3314,296013069,,
3315,296221429,,
3316,296473927,,
3317,296711666,,
3318,296902499,,
3319,297075120,,
3320,297296541,,
3321,297541576,,
3322,297749248,,
3323,297926717,,
3324,298105562,,
3325,298281867,,
3326,298429738,,
3327,298615387,,
3328,298803686,,
3329,299001421,,
3330,299197324,,
3331,299382497,,
3332,299554512,,
3333,299714837,,
3334,299906470,,
3335,300100475,,
3336,300308805,,
3337,300491517,,
3338,300672250,,
3339,300825371,,
3340,300969316,,
3341,301161315,,
3342,301376684,,
3343,301566865,,
3344,301803565,,
3345,301996452,,
3346,302176284,,
3347,302331131,,
3348,302536907,,
3349,302745685,,
3350,302958518,,
3351,303148397,,
3352,303350576,,
3353,303500081,,
3354,303657315,,
3355,303842545,,
3356,304041746,,
3357,304234835,,
3358,304435922,,
3359,304624178,,
3360,304775610,,
3361,304940121,,
3362,305133615,,
3363,305326837,,
3364,305526099,,
3365,305706520,,
3366,305883861,,
3367,306043262,,
3368,306180894,,
3369,306368371,,
3370,306553799,,
3371,306734834,,
3372,306924390,,
3373,307108337,,
3374,307257631,,
3375,307391532,,
3376,307558673,,
3377,307762273,,
3378,307946199,,
3379,308127606,,
3380,308297505,,
3381,308453370,,
3382,308593140,,
3383,308767255,,
3384,308955511,,
3385,309135466,,
3386,309351992,,
3387,309565303,,
3388,309730346,,
3389,309901023,,
3390,310095326,,
3391,310299420,,
3392,310499861,,
3393,310715143,,
3394,310925812,,
3395,311116933,,
3396,311285913,,
3397,311513290,,
3398,311767246,,
3399,311984930,,
3400,312202188,,
3401,312414835,,
3402,312609805,,
3403,312793617,,
3404,313009220,,
3405,313207387,,
3406,313418283,,
3407,313646237,,
3408,313870816,,
3409,314066781,,
3410,314239452,,
3411,314444268,,
3412,314663896,,
3413,314868606,,
3414,315083973,,
3415,315291026,,
3416,315472296,,
3417,315631826,,
3418,315843154,,
3419,316051351,,
3420,316265329,,
3421,316455756,,
3422,316672175,,
3423,316839677,,
3424,316999540,,
3425,317200725,,
3426,317407748,,
3427,317630294,,
3428,317833196,,
3429,318031970,,
3430,318187804,,
3431,318331188,,
3432,318524139,,
3433,318729054,,
3434,318933945,,
3435,319140209,,
3436,319342067,,
3437,319517880,,
3438,319685078,,
3439,319890602,,
3440,320104844,,
3441,320312005,,
3442,320519340,,
3443,320717021,,
3444,320893043,,
3445,321071115,,
3446,321284816,,
3447,321501539,,
3448,321714257,,
3449,321926372,,
3450,322127624,,
3451,322283482,,
3452,322429022,,
3453,322623419,,
3454,322816189,,
3455,323015477,,
3456,323215783,,
3457,323418237,,
3458,323578171,,
3459,323738889,,
3460,323941116,,
3461,324130325,,
3462,324319869,,
3463,324515615,,
3464,324710245,,
3465,324887954,,
3466,325041397,,
3467,325248099,,
3468,325465437,,
3469,325667372,,
3470,325869879,,
3471,326070364,,
3472,326235032,,
3473,326392942,,
3474,326599919,,
3475,326815352,,
3476,327016678,,
3477,327224518,,
3478,327430876,,
3479,327606200,,
3480,327764495,,
3481,327978344,,
3482,328211173,,
3483,328444422,,
3484,328669460,,
3485,328895930,,
3486,329082908,,
3487,329250403,,
3488,329479504,,
3489,329739026,,
3490,329988002,,
3491,330218208,,
3492,330450652,,
3493,330632348,,
3494,330804749,,
3495,331035809,,
3496,331279267,,
3497,331517371,,
3498,331740040,,
3499,331972505,,
3500,332165063,,
3501,332336296,,
3502,332555347,,
3503,332791860,,
3504,333021241,,
3505,333245332,,
3506,333470195,,
3507,333662408,,
3508,333830954,,
3509,334048302,,
3510,334300964,,
3511,334547256,,
3512,334778686,,
3513,335014313,,
3514,335204180,,
3515,335364988,,
3516,335584684,,
3517,335804236,,
3518,336028632,,
3519,336246266,,
3520,336468079,,
3521,336662292,,
3522,336832758,,
3523,337060678,,
3524,337297471,,
3525,337532601,,
3526,337766287,,
3527,338004874,,
3528,338216198,,
3529,338400603,,
3530,338625567,,
3531,338864620,,
3532,339104240,,
3533,339356186,,
3534,339586501,,
3535,339791196,,
3536,339980725,,
3537,340203559,,
3538,340438999,,
3539,340673776,,
3540,340912373,,
3541,341135034,,
3542,341342871,,
3543,341525989,,
3544,341760492,,
3545,342004338,,
3546,342259157,,
3547,342515398,,
3548,342787149,,
3549,343006307,,
3550,343213473,,
3551,343446244,,
3552,343698906,,
3553,343943106,,
3554,344194333,,
3555,344443299,,
3556,344666146,,
3557,344868752,,
3558,345115309,,
3559,345355688,,
3560,345598964,,
3561,345847321,,
3562,346088618,,
3563,346299649,,
3564,346527560,,
3565,346775964,,
3566,347003764,,
3567,347252215,,
3568,347515189,,
3569,347757064,,
3570,347960593,,
3571,348149861,,
3572,348424878,,
3573,348678435,,
3574,348934343,,
3575,349196302,,
3576,349448023,,
3577,349673921,,
3578,349878756,,
3579,350137271,,
3580,350396559,,
3581,350645672,,
3582,350903844,,
3583,351156279,,
3584,351390560,,
3585,351606062,,
3586,351874353,,
3587,352162117,,
3588,352445498,,
3589,352732624,,
3590,353023549,,
3591,353271061,,
3592,353498750,,
3593,353794727,,
3594,354082335,,
3595,354378628,,
3596,354655507,,
3597,354938549,,
3598,355185724,,
3599,355437896,,
3600,355736825,,
3601,356010626,,
3602,356308958,,
3603,356600248,,
3604,356881664,,
3605,357143175,,
3606,357381204,,
3607,357650747,,
3608,357939793,,
3609,358196336,,
3610,358461054,,
3611,358734092,,
3612,358986047,,
3613,359227549,,
3614,359482877,,
3615,359745354,,
3616,360007621,,
3617,360252992,,
3618,360501296,,
3619,360744041,,
3620,360965565,,
3621,361207350,,
3622,361475500,,
3623,361732236,,
3624,362012748,,
3625,362268894,,
3626,362500163,,
3627,362737234,,
3628,362990602,,
3629,363246361,,
3630,363504999,,
3631,363771701,,
3632,364050475,,
3633,364313592,,
3634,364538991,,
3635,364835286,,
3636,365104895,,
3637,365407858,,
3638,365690684,,
3639,365971363,,
3640,366222599,,
3641,366471631,,
3642,366749824,,
3643,367009405,,
3644,367290547,,
3645,367592645,,
3646,367905107,,
3647,368170508,,
3648,368430325,,
3649,368692326,,
3650,368928139,,
3651,369199242,,
3652,369486323,,
3653,369769813,,
3654,370039450,,
3655,370290935,,
3656,370579189,,
3657,370896855,,
3658,371217553,,
3659,371539918,,
3660,371848556,,
3661,372137528,,
3662,372411392,,
3663,372739590,,
3664,373043181,,
3665,373343351,,
3666,373645055,,
3667,373946126,,
3668,374224156,,
3669,374522309,,
3670,374840173,,
3671,375133910,,
3672,375428590,,
3673,375733528,,
3674,376034698,,
3675,376326166,,
3676,376596082,,
3677,376910082,,
3678,377232879,,
3679,377559207,,
3680,377914515,,
3681,378250815,,
3682,378577449,,
3683,378874004,,
3684,379207140,,
3685,379562730,,
3686,379912102,,
3687,380260780,,
3688,380599382,,
3689,380911276,,
3690,381212124,,
3691,381518273,,
3692,381798560,,
3693,382150170,,
3694,382505416,,
3695,382799288,,
3696,383127526,,
3697,383460709,,
3698,383801286,,
3699,384151939,,
3700,384466286,,
3701,384761248,,
3702,385109704,,
3703,385441945,,
3704,385761223,,
3705,386097987,,
3706,386464366,,
3707,386811217,,
3708,387174649,,
3709,387533486,,
3710,387867447,,
3711,388222680,,
3712,388521596,,
3713,388808570,,
3714,389085501,,
3715,389369702,,
3716,389650911,,
3717,389892921,,
3718,390106096,,
3719,390401301,,
3720,390684652,,
3721,390974263,,
3722,391270404,,
3723,391567294,,
3724,391824993,,
3725,392054392,,
3726,392350099,,
3727,392650095,,
3728,392959903,,
3729,393259013,,
3730,393559926,,
3731,393803479,,
3732,394029183,,
3733,394361011,,
3734,394725236,,
3735,395108074,,
3736,395499358,,
3737,395871421,,
3738,396252167,,
3739,396633045,,
3740,397001739,,
3741,397401370,,
3742,397760923,,
3743,398115973,,
3744,398505145,,
3745,398863700,,
3746,399214334,,
3747,399585543,,
3748,399932418,,
3749,400328825,,
3750,400731506,,
3751,401102158,,
3752,401474770,,
3753,401812401,,
3754,402190774,,
3755,402550831,,
3756,402901317,,
3757,403285089,,
3758,403646264,,
3759,403963131,,
3760,404354624,,
3761,404698268,,
3762,405006853,,
3763,405415178,,
3764,405796849,,
3765,406179014,,
3766,406539945,,
3767,406910516,,
3768,407286075,,
3769,407629465,,
3770,408070797,,
3771,408524143,,
3772,408904277,,
3773,409259965,,
3774,409589764,,
3775,409969290,,
3776,410300421,,
3777,410692852,,
3778,411054961,,
3779,411377653,,
3780,411720406,,
3781,412056237,,
3782,412451715,,
3783,412817414,,
3784,413185035,,
3785,413561293,,
3786,413922243,,
3787,414278578,,
3788,414627785,,
3789,415009970,,
3790,415391623,,
3791,415785881,,
3792,416172094,,
3793,416547192,,
3794,416883777,,
3795,417261782,,
3796,417658977,,
3797,418046976,,
3798,418452482,,
3799,418832758,,
3800,419129973,,
3801,419462505,,
3802,419759177,,
3803,420057631,,
3804,420432735,,
3805,420805525,,
3806,421169609,,
3807,421520288,,
3808,421809517,,
3809,422113365,,
3810,422466446,,
3811,422808784,,
3812,423136470,,
3813,423500651,,
3814,423867282,,
3815,424196080,,
3816,424486955,,
3817,424811929,,
3818,425207599,,
3819,425601098,,
3820,425936457,,
3821,426276594,,
3822,426625329,,
3823,427004946,,
3824,427394511,,
3825,427757138,,
3826,428157248,,
3827,428518842,,
3828,428920887,,
3829,429280121,,
3830,429611457,,
3831,429946382,,
3832,430318762,,
3833,430716412,,
3834,431083504,,
3835,431467440,,
3836,431811202,,
3837,432128623,,
3838,432511016,,
3839,432871774,,
3840,433191603,,
3841,433516456,,
3842,433875314,,
3843,434180090,,
3844,434483543,,
3845,434832595,,
3846,435196537,,
3847,435522430,,
3848,435838489,,
3849,436134192,,
3850,436450905,,
3851,436741071,,
3852,437060927,,
3853,437379311,,
3854,437677193,,
3855,438009864,,
3856,438331660,,
3857,438616811,,
3858,438886934,,
3859,439223568,,
3860,439548830,,
3861,439914024,,
3862,440247937,,
3863,440599680,,
3864,440921551,,
3865,441220292,,
3866,441559588,,
3867,441930627,,
3868,442301573,,
3869,442639112,,
3870,442979744,,
3871,443275753,,
3872,443549429,,
3873,443852725,,
3874,444224964,,
3875,444585104,,
3876,444932612,,
3877,445262077,,
3878,445550807,,
3879,445823351,,
3880,446157191,,
3881,446487071,,
3882,446797181,,
3883,447118682,,
3884,447460331,,
3885,447763037,,
3886,448051391,,
3887,448371861,,
3888,448696556,,
3889,449036451,,
3890,449382918,,
3891,449736844,,
3892,450071631,,
3893,450357778,,
3894,450689839,,
3895,451060835,,
3896,451385485,,
3897,451739884,,
3898,452101283,,
3899,452414333,,
3900,452702831,,
3901,453019461,,
3902,453358374,,
3903,453693678,,
3904,454032699,,
3905,454337303,,
3906,454643227,,
3907,454912974,,
3908,455262399,,
3909,455606729,,
3910,455967050,,
3911,456314585,,
3912,456661118,,
3913,456988821,,
3914,457309189,,
3915,457600345,,
3916,457955049,,
3917,458299374,,
3918,458651162,,
3919,458959102,,
3920,459273546,,
3921,459562151,,
3922,459872584,,
3923,460204042,,
3924,460533524,,
3925,460860930,,
3926,461197875,,
3927,461525039,,
3928,461796892,,
3929,462126322,,
3930,462459060,,
3931,462772178,,
3932,463121584,,
3933,463468579,,
3934,463762753,,
3935,464049339,,
3936,464353543,,
3937,464696986,,
3938,465030785,,
3939,465366466,,
3940,465703087,,
3941,466012923,,
3942,466294478,,
3943,466650494,,
3944,466993930,,
3945,467336158,,
3946,467644784,,
3947,467974400,,
3948,468277927,,
3949,468537762,,
3950,468843700,,
3951,469153238,,
3952,469462140,,
3953,469762772,,
3954,470078647,,
3955,470363005,,
3956,470651790,,
3957,470962119,,
3958,471297823,,
3959,471607924,,
3960,471939049,,
3961,472251889,,
3962,472548008,,
3963,472853661,,
3964,473181433,,
3965,473482796,,
3966,473799486,,
3967,474146030,,
3968,474474468,,
3969,474754792,,
3970,475022284,,
3971,475329066,,
3972,475654263,,
3973,475975089,,
3974,476301220,,
3975,476604908,,
3976,476917232,,
3977,477181651,,
3978,477464979,,
3979,477784440,,
3980,478097000,,
3981,478413000,,
3982,478718085,,
3983,479002997,,
3984,479271132,,
3985,479589733,,
3986,479923702,,
3987,480255906,,
3988,480575039,,
3989,480886108,,
3990,481168737,,
3991,481447500,,
3992,481764495,,
3993,482085961,,
3994,482374116,,
3995,482684188,,
3996,483013700,,
3997,483304979,,
3998,483563345,,
3999,483893471,,
4000,484208320,,
4001,484526520,,
4002,484845682,,
4003,485177789,,
4004,485482831,,
4005,485764964,,
4006,486078881,,
4007,486362631,,
4008,486604166,,
4009,486906991,,
4010,487232250,,
4011,487523526,,
4012,487804966,,
4013,488131592,,
4014,488421560,,
4015,488673427,,
4016,488965362,,
4017,489288515,,
4018,489570816,,
4019,489859028,,
4020,490156871,,
4021,490504083,,
4022,490822716,,
4023,491145554,,
4024,491478017,,
4025,491781572,,
4026,492060425,,
4027,492360211,,
4028,492707189,,
4029,493036022,,
4030,493362609,,
4031,493686493,,
4032,493977463,,
4033,494259568,,
4034,494572535,,
4035,494884370,,
4036,495210750,,
4037,495548030,,
4038,495859853,,
4039,496143145,,
4040,496399884,,
4041,496685284,,
4042,497025068,,
4043,497365143,,
4044,497697727,,
4045,498027096,,
4046,498331980,,
4047,498624363,,
4048,498960589,,
4049,499268405,,
4050,499631558,,
4051,499953486,,
4052,500286805,,
4053,500602331,,
4054,500921305,,
4055,501216766,,
4056,501578635,,
4057,501929608,,
4058,502266373,,
4059,502595496,,
4060,502912427,,
4061,503211954,,
4062,503549889,,
4063,503876943,,
4064,504217047,,
4065,504529029,,
4066,504870419,,
4067,505170585,,
4068,505459699,,
4069,505787744,,
4070,506127057,,
4071,506455594,,
4072,506793788,,
4073,507155441,,
4074,507464527,,
4075,507777244,,
4076,508118899,,
4077,508465727,,
4078,508816230,,
4079,509166651,,
4080,509505409,,
4081,509819191,,
4082,510123725,,
4083,510471076,,
4084,510800584,,
4085,511090868,,
4086,511436925,,
4087,511716587,,
4088,511992616,,
4089,512217492,,
4090,512487079,,
4091,512766356,,
4092,512999568,,
4093,513265111,,
4094,513547963,,
4095,513786322,,
4096,514001821,,
4097,514258799,,
4098,514539162,,
4099,514758934,,
4100,515045455,,
4101,515318630,,
4102,515560587,,
4103,515795338,,
4104,516073617,,
4105,516361955,,
4106,516647286,,
4107,516947306,,
4108,517223464,,
4109,517479117,,
4110,517716891,,
4111,517999543,,
4112,518310077,,
4113,518593227,,
4114,518882476,,
4115,519168558,,
4116,519417699,,
4117,519650209,,
4118,519932153,,
4119,520235282,,
4120,520544684,,
4121,520866595,,
4122,521153797,,
4123,521439349,,
4124,521693414,,
4125,522000568,,
4126,522312023,,
4127,522595704,,
4128,522923100,,
4129,523240782,,
4130,523519299,,
4131,523776345,,
4132,524087435,,
4133,524413903,,
4134,524744211,,
4135,525065072,,
4136,525395623,,
4137,525688269,,
4138,525971814,,
4139,526295831,,
4140,526623476,,
4141,526958126,,
4142,527301810,,
4143,527626503,,
4144,527936622,,
4145,528220417,,
4146,528532070,,
4147,528874374,,
4148,529174330,,
4149,529442446,,
4150,529753670,,
4151,530048950,,
4152,530284957,,
4153,530560648,,
4154,530833612,,
4155,531109811,,
4156,531412070,,
4157,531691012,,
4158,531958054,,
4159,532174599,,
4160,532441994,,
4161,532728753,,
4162,533028737,,
4163,533327801,,
4164,533610574,,
4165,533894690,,
4166,534153219,,
4167,534455263,,
4168,534764211,,
4169,535075364,,
4170,535391135,,
4171,535722524,,
4172,536003815,,
4173,536258539,,
4174,536574836,,
4175,536902951,,
4176,537227858,,
4177,537564530,,
4178,537874347,,
4179,538157511,,
4180,538436608,,
4181,538729400,,
4182,539072431,,
4183,539403406,,
4184,539686512,,
4185,540031541,,
4186,540313051,,
4187,540570031,,
4188,540877807,,
4189,541228999,,
4190,541540142,,
4191,541855680,,
4192,542184085,,
4193,542456295,,
4194,542722236,,
4195,543036724,,
4196,543343047,,
4197,543721128,,
4198,544060547,,
4199,544388495,,
4200,544681256,,
4201,544954370,,
4202,545291654,,
4203,545640676,,
4204,545987680,,
4205,546347806,,
4206,546693100,,
4207,547003665,,
4208,547284090,,
4209,547595365,,
4210,547952525,,
4211,548270961,,
4212,548618632,,
4213,548909165,,
4214,549222469,,
4215,549497098,,
4216,549809285,,
4217,550122385,,
4218,550485183,,
4219,550821689,,
4220,551190907,,
4221,551481510,,
4222,551782822,,
4223,552108343,,
4224,552462776,,
4225,552810799,,
4226,553140216,,
4227,553495904,,
4228,553788178,,
4229,554075311,,
4230,554410033,,
4231,554741481,,
4232,555033084,,
4233,555388369,,
4234,555715784,,
4235,555993183,,
4236,556268382,,
4237,556575662,,
4238,556924127,,
4239,557266651,,
4240,557596908,,
4241,557961337,,
4242,558270692,,
4243,558563821,,
4244,558853647,,
4245,559198769,,
4246,559535429,,
4247,559866975,,
4248,560180053,,
4249,560489019,,
4250,560776959,,
4251,561111263,,